"time","i"
0,0
0.0001,0
0.0002,0
0.0003,0
0.0004,0
0.0005,0
0.0005999999999999999,0
0.0007,0
0.0008,0
0.0009,0
0.001,0
0.0011,0
0.0012,0
0.0013,0
0.0014,0
0.0015,0
0.0016,0
0.0017,0
0.0018,0
0.0019,0
0.002,0
0.0021,0
0.0022,0
0.0023,0
0.0024,0
0.0025,0
0.0026,0
0.0027,0
0.0028,0
0.0029,0
0.003,0
0.0031,0
0.0032,0
0.0033,0
0.0034,0
0.0035,0
0.0036,0
0.0037,0
0.0038,0
0.0039,0
0.004,0
0.0041,0
0.0042,0
0.0043,0
0.0044,0
0.0045,0
0.0046,0
0.0047,0
0.0048,0
0.0049,0
0.005,0
0.0051,0
0.0052,0
0.0053,0
0.0054,0
0.0055,0
0.0056,0
0.0057,0
0.0058,0
0.0059,0
0.006,0
0.0061,0
0.0062,0
0.0063,0
0.0064,0
0.0065,0
0.0066,0
0.0067,0
0.0068,0
0.0069,0
0.007,0
0.0071,0
0.0072,0
0.0073,0
0.0074,0
0.0075,0
0.0076,0
0.0077,0
0.0078,0
0.007900000000000001,0
0.008,0
0.0081,0
0.008200000000000001,0
0.0083,0
0.008399999999999999,0
0.008500000000000001,0
0.0086,0
0.008699999999999999,0
0.008800000000000001,0
0.0089,0
0.008999999999999999,0
0.0091,0
0.0092,0
0.009299999999999999,0
0.0094,0
0.0095,0
0.009599999999999999,0
0.0097,0
0.0098,0
0.009900000000000001,0
0.01,0
0.0101,0
0.0102,0
0.0103,0
0.0104,0
0.0105,0
0.0106,0
0.0107,0
0.0108,0
0.0109,0
0.011,0
0.0111,0
0.0112,0
0.0113,0
0.0114,0
0.0115,0
0.0116,0
0.0117,0
0.0118,0
0.0119,0
0.012,0
0.0121,0
0.0122,0
0.0123,0
0.0124,0
0.0125,0
0.0126,0
0.0127,0
0.0128,0
0.0129,0
0.013,0
0.0131,0
0.0132,0
0.0133,0
0.0134,0
0.0135,0
0.0136,0
0.0137,0
0.0138,0
0.0139,0
0.014,0
0.0141,0
0.0142,0
0.0143,0
0.0144,0
0.0145,0
0.0146,0
0.0147,0
0.0148,0
0.0149,0
0.015,0
0.0151,0
0.0152,0
0.0153,0
0.0154,0
0.0155,0
0.0156,0
0.0157,0
0.0158,0
0.0159,0
0.016,0
0.0161,0
0.0162,0
0.0163,0
0.0164,0
0.0165,0
0.0166,0
0.0167,0
0.0168,0
0.0169,0
0.017,0
0.0171,0
0.0172,0
0.0173,0
0.0174,0
0.0175,0
0.0176,0
0.0177,0
0.0178,0
0.0179,0
0.018,0
0.0181,0
0.0182,0
0.0183,0
0.0184,0
0.0185,0
0.0186,0
0.0187,0
0.0188,0
0.0189,0
0.019,0
0.0191,0
0.0192,0
0.0193,0
0.0194,0
0.0195,0
0.0196,0
0.0197,0
0.0198,0
0.0199,0
0.02,0
0.0201,0
0.0202,0
0.0203,0
0.0204,0
0.0205,0
0.0206,0
0.0207,0
0.0208,0
0.0209,0
0.021,0
0.0211,0
0.0212,0
0.0213,0
0.0214,0
0.0215,0
0.0216,0
0.0217,0
0.0218,0
0.0219,0
0.022,0
0.0221,0
0.0222,0
0.0223,0
0.0224,0
0.0225,0
0.0226,0
0.0227,0
0.0228,0
0.0229,0
0.023,0
0.0231,0
0.0232,0
0.0233,0
0.0234,0
0.0235,0
0.0236,0
0.0237,0
0.0238,0
0.0239,0
0.024,0
0.0241,0
0.0242,0
0.0243,0
0.0244,0
0.0245,0
0.0246,0
0.0247,0
0.0248,0
0.0249,0
0.025,0
0.0251,0
0.0252,0
0.0253,0
0.0254,0
0.0255,0
0.0256,0
0.0257,0
0.0258,0
0.0259,0
0.026,0
0.0261,0
0.0262,0
0.0263,0
0.0264,0
0.0265,0
0.0266,0
0.0267,0
0.0268,0
0.0269,0
0.027,0
0.0271,0
0.0272,0
0.0273,0
0.0274,0
0.0275,0
0.0276,0
0.0277,0
0.0278,0
0.0279,0
0.028,0
0.0281,0
0.0282,0
0.0283,0
0.0284,0
0.0285,0
0.0286,0
0.0287,0
0.0288,0
0.0289,0
0.029,0
0.0291,0
0.0292,0
0.0293,0
0.0294,0
0.0295,0
0.0296,0
0.0297,0
0.0298,0
0.0299,0
0.03,0
0.0301,0
0.0302,0
0.0303,0
0.0304,0
0.0305,0
0.0306,0
0.0307,0
0.0308,0
0.0309,0
0.031,0
0.0311,0
0.0312,0
0.0313,0
0.0314,0
0.0315,0
0.0316,0
0.0317,0
0.0318,0
0.0319,0
0.032,0
0.0321,0
0.0322,0
0.0323,0
0.0324,0
0.0325,0
0.0326,0
0.0327,0
0.0328,0
0.0329,0
0.033,0
0.0331,0
0.0332,0
0.0333,0
0.0334,0
0.0335,0
0.0336,0
0.0337,0
0.0338,0
0.0339,0
0.034,0
0.0341,0
0.0342,0
0.0343,0
0.0344,0
0.0345,0
0.0346,0
0.0347,0
0.0348,0
0.0349,0
0.035,0
0.0351,0
0.0352,0
0.0353,0
0.0354,0
0.0355,0
0.0356,0
0.0357,0
0.0358,0
0.0359,0
0.036,0
0.0361,0
0.0362,0
0.0363,0
0.0364,0
0.0365,0
0.0366,0
0.0367,0
0.0368,0
0.0369,0
0.037,0
0.0371,0
0.0372,0
0.0373,0
0.0374,0
0.0375,0
0.0376,0
0.0377,0
0.0378,0
0.0379,0
0.038,0
0.0381,0
0.0382,0
0.0383,0
0.0384,0
0.0385,0
0.0386,0
0.0387,0
0.0388,0
0.0389,0
0.039,0
0.0391,0
0.0392,0
0.0393,0
0.0394,0
0.0395,0
0.0396,0
0.0397,0
0.0398,0
0.0399,0
0.04,0
0.0401,0
0.0402,0
0.0403,0
0.0404,0
0.0405,0
0.0406,0
0.0407,0
0.0408,0
0.0409,0
0.041,0
0.0411,0
0.0412,0
0.0413,0
0.0414,0
0.0415,0
0.0416,0
0.0417,0
0.0418,0
0.0419,0
0.042,0
0.0421,0
0.0422,0
0.0423,0
0.0424,0
0.0425,0
0.0426,0
0.0427,0
0.0428,0
0.0429,0
0.043,0
0.0431,0
0.0432,0
0.0433,0
0.0434,0
0.0435,0
0.0436,0
0.0437,0
0.0438,0
0.0439,0
0.044,0
0.0441,0
0.0442,0
0.0443,0
0.0444,0
0.0445,0
0.0446,0
0.0447,0
0.0448,0
0.0449,0
0.045,0
0.0451,0
0.0452,0
0.0453,0
0.0454,0
0.0455,0
0.0456,0
0.0457,0
0.0458,0
0.0459,0
0.046,0
0.0461,0
0.0462,0
0.0463,0
0.0464,0
0.0465,0
0.0466,0
0.0467,0
0.0468,0
0.0469,0
0.047,0
0.0471,0
0.0472,0
0.0473,0
0.0474,0
0.0475,0
0.0476,0
0.0477,0
0.0478,0
0.0479,0
0.048,0
0.0481,0
0.0482,0
0.0483,0
0.0484,0
0.0485,0
0.0486,0
0.0487,0
0.0488,0
0.0489,0
0.049,0
0.0491,0
0.0492,0
0.0493,0
0.0494,0
0.0495,0
0.0496,0
0.0497,0
0.0498,0
0.0499,0
0.05,0
0.0501,0
0.0502,0
0.0503,0
0.0504,0
0.0505,0
0.0506,0
0.0507,0
0.0508,0
0.0509,0
0.051,0
0.0511,0
0.0512,0
0.0513,0
0.0514,0
0.0515,0
0.0516,0
0.0517,0
0.0518,0
0.0519,0
0.052,0
0.0521,0
0.0522,0
0.0523,0
0.0524,0
0.0525,0
0.0526,0
0.0527,0
0.0528,0
0.0529,0
0.053,0
0.0531,0
0.0532,0
0.0533,0
0.0534,0
0.0535,0
0.0536,0
0.0537,0
0.0538,0
0.0539,0
0.054,0
0.0541,0
0.0542,0
0.0543,0
0.0544,0
0.0545,0
0.0546,0
0.0547,0
0.0548,0
0.0549,0
0.055,0
0.0551,0
0.0552,0
0.0553,0
0.0554,0
0.0555,0
0.0556,0
0.0557,0
0.0558,0
0.0559,0
0.056,0
0.0561,0
0.0562,0
0.0563,0
0.0564,0
0.0565,0
0.0566,0
0.0567,0
0.0568,0
0.0569,0
0.057,0
0.0571,0
0.0572,0
0.0573,0
0.0574,0
0.0575,0
0.0576,0
0.0577,0
0.0578,0
0.0579,0
0.058,0
0.0581,0
0.0582,0
0.0583,0
0.0584,0
0.0585,0
0.0586,0
0.0587,0
0.0588,0
0.0589,0
0.059,0
0.0591,0
0.0592,0
0.0593,0
0.0594,0
0.0595,0
0.0596,0
0.0597,0
0.0598,0
0.0599,0
0.06,0
0.0601,0
0.0602,0
0.0603,0
0.0604,0
0.0605,0
0.0606,0
0.0607,0
0.0608,0
0.0609,0
0.061,0
0.0611,0
0.0612,0
0.0613,0
0.0614,0
0.0615,0
0.0616,0
0.0617,0
0.0618,0
0.0619,0
0.062,0
0.0621,0
0.0622,0
0.0623,0
0.0624,0
0.0625,0
0.0626,0
0.06270000000000001,0
0.06279999999999999,0
0.0629,0
0.063,0
0.0631,0
0.06320000000000001,0
0.0633,0
0.0634,0
0.0635,0
0.0636,0
0.06370000000000001,0
0.0638,0
0.0639,0
0.064,0
0.0641,0
0.06419999999999999,0
0.0643,0
0.0644,0
0.0645,0
0.0646,0
0.06469999999999999,0
0.0648,0
0.0649,0
0.065,0
0.06510000000000001,0
0.06519999999999999,0
0.0653,0
0.0654,0
0.0655,0
0.06560000000000001,0
0.06569999999999999,0
0.0658,0
0.0659,0
0.066,0
0.06610000000000001,0
0.06619999999999999,0
0.0663,0
0.0664,0
0.0665,0
0.06660000000000001,0
0.0667,0
0.0668,0
0.0669,0
0.067,0
0.06710000000000001,0
0.0672,0
0.0673,0
0.0674,0
0.0675,0
0.06759999999999999,0
0.0677,0
0.0678,0
0.0679,0
0.068,0
0.06809999999999999,0
0.0682,0
0.0683,0
0.0684,0
0.06850000000000001,0
0.06859999999999999,0
0.0687,0
0.0688,0
0.0689,0
0.06900000000000001,0
0.06909999999999999,0
0.0692,0
0.0693,0
0.0694,0
0.06950000000000001,0
0.0696,0
0.0697,0
0.0698,0
0.0699,0
0.07000000000000001,0
0.0701,0
0.0702,0
0.0703,0
0.0704,0
0.07049999999999999,0
0.0706,0
0.0707,0
0.0708,0
0.0709,0
0.07099999999999999,0
0.0711,0
0.0712,0
0.0713,0
0.07140000000000001,0
0.07149999999999999,0
0.0716,0
0.0717,0
0.0718,0
0.07190000000000001,0
0.07199999999999999,0
0.0721,0
0.0722,0
0.0723,0
0.07240000000000001,0
0.0725,0
0.0726,0
0.0727,0
0.0728,0
0.07290000000000001,0
0.073,0
0.0731,0
0.0732,0
0.0733,0
0.07340000000000001,0
0.0735,0
0.0736,0
0.0737,0
0.0738,0
0.07389999999999999,0
0.074,0
0.0741,0
0.0742,0
0.0743,0
0.07439999999999999,0
0.0745,0
0.0746,0
0.0747,0
0.07480000000000001,0
0.07489999999999999,0
0.075,0
0.0751,0
0.0752,0
0.07530000000000001,0
0.07539999999999999,0
0.0755,0
0.0756,0
0.0757,0
0.07580000000000001,0
0.0759,0
0.076,0
0.0761,0
0.0762,0
0.07630000000000001,0
0.0764,0
0.0765,0
0.0766,0
0.0767,0
0.07679999999999999,0
0.0769,0
0.077,0
0.0771,0
0.0772,0
0.07729999999999999,0
0.0774,0
0.0775,0
0.0776,0
0.07770000000000001,0
0.07779999999999999,0
0.0779,0
0.078,0
0.0781,0
0.07820000000000001,0
0.07829999999999999,0
0.0784,0
0.0785,0
0.0786,0
0.07870000000000001,0
0.0788,0
0.0789,0
0.079,0
0.0791,0
0.07920000000000001,0
0.0793,0
0.0794,0
0.0795,0
0.0796,0
0.07969999999999999,0
0.0798,0
0.0799,0
0.08,0
0.0801,0
0.08019999999999999,0
0.0803,0
0.0804,0
0.0805,0
0.0806,0
0.08069999999999999,0
0.0808,0
0.0809,0
0.081,0
0.08110000000000001,0
0.08119999999999999,0
0.0813,0
0.0814,0
0.0815,0
0.08160000000000001,0
0.08169999999999999,0
0.0818,0
0.0819,0
0.082,0
0.08210000000000001,0
0.0822,0
0.0823,0
0.0824,0
0.0825,0
0.08260000000000001,0
0.0827,0
0.0828,0
0.0829,0
0.083,0
0.08309999999999999,0
0.0832,0
0.0833,0
0.0834,0
0.0835,0
0.08359999999999999,0
0.0837,0
0.0838,0
0.0839,0
0.08400000000000001,0
0.08409999999999999,0
0.0842,0
0.0843,0
0.0844,0
0.08450000000000001,0
0.08459999999999999,0
0.0847,0
0.0848,0
0.0849,0
0.08500000000000001,0
0.0851,0
0.0852,0
0.0853,0
0.0854,0
0.08550000000000001,0
0.0856,0
0.0857,0
0.0858,0
0.0859,0
0.08599999999999999,0
0.0861,0
0.0862,0
0.0863,0
0.0864,0
0.08649999999999999,0
0.0866,0
0.0867,0
0.0868,0
0.08690000000000001,0
0.08699999999999999,0
0.0871,0
0.0872,0
0.0873,0
0.08740000000000001,0
0.08749999999999999,0
0.0876,0
0.0877,0
0.0878,0
0.08790000000000001,0
0.08799999999999999,0
0.0881,0
0.0882,0
0.0883,0
0.08840000000000001,0
0.0885,0
0.0886,0
0.0887,0
0.0888,0
0.08890000000000001,0
0.089,0
0.0891,0
0.0892,0
0.0893,0
0.08939999999999999,0
0.0895,0
0.0896,0
0.0897,0
0.0898,0
0.08989999999999999,0
0.09,0
0.0901,0
0.0902,0
0.09030000000000001,0
0.09039999999999999,0
0.0905,0
0.0906,0
0.0907,0
0.09080000000000001,0
0.09089999999999999,0
0.091,0
0.0911,0
0.0912,0
0.09130000000000001,0
0.0914,0
0.0915,0
0.0916,0
0.0917,0
0.09180000000000001,0
0.0919,0
0.092,0
0.0921,0
0.0922,0
0.09229999999999999,0
0.0924,0
0.0925,0
0.0926,0
0.0927,0
0.09279999999999999,0
0.0929,0
0.093,0
0.0931,0
0.09320000000000001,0
0.09329999999999999,0
0.0934,0
0.0935,0
0.0936,0
0.09370000000000001,0
0.09379999999999999,0
0.0939,0
0.094,0
0.0941,0
0.09420000000000001,0
0.09429999999999999,0
0.0944,0
0.0945,0
0.0946,0
0.09470000000000001,0
0.0948,0
0.0949,0
0.095,0
0.0951,0
0.09520000000000001,0
0.0953,0
0.0954,0
0.0955,0
0.0956,0
0.09569999999999999,0
0.0958,0
0.0959,0
0.096,0
0.0961,0
0.09619999999999999,0
0.0963,0
0.0964,0
0.0965,0
0.09660000000000001,0
0.09669999999999999,0
0.0968,0
0.0969,0
0.097,0
0.09710000000000001,0
0.09719999999999999,0
0.0973,0
0.0974,0
0.0975,0
0.09760000000000001,0
0.0977,0
0.0978,0
0.0979,0
0.098,0
0.09810000000000001,0
0.0982,0
0.0983,0
0.0984,0
0.0985,0
0.09859999999999999,0
0.0987,0
0.0988,0
0.0989,0
0.099,0
0.09909999999999999,0
0.0992,0
0.0993,0
0.0994,0
0.09950000000000001,0
0.09959999999999999,0
0.0997,0
0.0998,0
0.0999,0
0.1,0
0.1001,0
0.1002,0
0.1003,0
0.1004,0
0.1005,0
0.1006,0
0.1007,0
0.1008,0
0.1009,0
0.101,0
0.1011,0
0.1012,0
0.1013,0
0.1014,0
0.1015,0
0.1016,0
0.1017,0
0.1018,0
0.1019,0
0.102,0
0.1021,0
0.1022,0
0.1023,0
0.1024,0
0.1025,0
0.1026,0
0.1027,0
0.1028,0
0.1029,0
0.103,0
0.1031,0
0.1032,0
0.1033,0
0.1034,0
0.1035,0
0.1036,0
0.1037,0
0.1038,0
0.1039,0
0.104,0
0.1041,0
0.1042,0
0.1043,0
0.1044,0
0.1045,0
0.1046,0
0.1047,0
0.1048,0
0.1049,0
0.105,0
0.1051,0
0.1052,0
0.1053,0
0.1054,0
0.1055,0
0.1056,0
0.1057,0
0.1058,0
0.1059,0
0.106,0
0.1061,0
0.1062,0
0.1063,0
0.1064,0
0.1065,0
0.1066,0
0.1067,0
0.1068,0
0.1069,0
0.107,0
0.1071,0
0.1072,0
0.1073,0
0.1074,0
0.1075,0
0.1076,0
0.1077,0
0.1078,0
0.1079,0
0.108,0
0.1081,0
0.1082,0
0.1083,0
0.1084,0
0.1085,0
0.1086,0
0.1087,0
0.1088,0
0.1089,0
0.109,0
0.1091,0
0.1092,0
0.1093,0
0.1094,0
0.1095,0
0.1096,0
0.1097,0
0.1098,0
0.1099,0
0.11,0
0.1101,0
0.1102,0
0.1103,0
0.1104,0
0.1105,0
0.1106,0
0.1107,0
0.1108,0
0.1109,0
0.111,0
0.1111,0
0.1112,0
0.1113,0
0.1114,0
0.1115,0
0.1116,0
0.1117,0
0.1118,0
0.1119,0
0.112,0
0.1121,0
0.1122,0
0.1123,0
0.1124,0
0.1125,0
0.1126,0
0.1127,0
0.1128,0
0.1129,0
0.113,0
0.1131,0
0.1132,0
0.1133,0
0.1134,0
0.1135,0
0.1136,0
0.1137,0
0.1138,0
0.1139,0
0.114,0
0.1141,0
0.1142,0
0.1143,0
0.1144,0
0.1145,0
0.1146,0
0.1147,0
0.1148,0
0.1149,0
0.115,0
0.1151,0
0.1152,0
0.1153,0
0.1154,0
0.1155,0
0.1156,0
0.1157,0
0.1158,0
0.1159,0
0.116,0
0.1161,0
0.1162,0
0.1163,0
0.1164,0
0.1165,0
0.1166,0
0.1167,0
0.1168,0
0.1169,0
0.117,0
0.1171,0
0.1172,0
0.1173,0
0.1174,0
0.1175,0
0.1176,0
0.1177,0
0.1178,0
0.1179,0
0.118,0
0.1181,0
0.1182,0
0.1183,0
0.1184,0
0.1185,0
0.1186,0
0.1187,0
0.1188,0
0.1189,0
0.119,0
0.1191,0
0.1192,0
0.1193,0
0.1194,0
0.1195,0
0.1196,0
0.1197,0
0.1198,0
0.1199,0
0.12,0
0.1201,0
0.1202,0
0.1203,0
0.1204,0
0.1205,0
0.1206,0
0.1207,0
0.1208,0
0.1209,0
0.121,0
0.1211,0
0.1212,0
0.1213,0
0.1214,0
0.1215,0
0.1216,0
0.1217,0
0.1218,0
0.1219,0
0.122,0
0.1221,0
0.1222,0
0.1223,0
0.1224,0
0.1225,0
0.1226,0
0.1227,0
0.1228,0
0.1229,0
0.123,0
0.1231,0
0.1232,0
0.1233,0
0.1234,0
0.1235,0
0.1236,0
0.1237,0
0.1238,0
0.1239,0
0.124,0
0.1241,0
0.1242,0
0.1243,0
0.1244,0
0.1245,0
0.1246,0
0.1247,0
0.1248,0
0.1249,0
0.125,0
0.1251,0
0.1252,0
0.1253,0
0.1254,0
0.1255,0
0.1256,0
0.1257,0
0.1258,0
0.1259,0
0.126,0
0.1261,0
0.1262,0
0.1263,0
0.1264,0
0.1265,0
0.1266,0
0.1267,0
0.1268,0
0.1269,0
0.127,0
0.1271,0
0.1272,0
0.1273,0
0.1274,0
0.1275,0
0.1276,0
0.1277,0
0.1278,0
0.1279,0
0.128,0
0.1281,0
0.1282,0
0.1283,0
0.1284,0
0.1285,0
0.1286,0
0.1287,0
0.1288,0
0.1289,0
0.129,0
0.1291,0
0.1292,0
0.1293,0
0.1294,0
0.1295,0
0.1296,0
0.1297,0
0.1298,0
0.1299,0
0.13,0
0.1301,0
0.1302,0
0.1303,0
0.1304,0
0.1305,0
0.1306,0
0.1307,0
0.1308,0
0.1309,0
0.131,0
0.1311,0
0.1312,0
0.1313,0
0.1314,0
0.1315,0
0.1316,0
0.1317,0
0.1318,0
0.1319,0
0.132,0
0.1321,0
0.1322,0
0.1323,0
0.1324,0
0.1325,0
0.1326,0
0.1327,0
0.1328,0
0.1329,0
0.133,0
0.1331,0
0.1332,0
0.1333,0
0.1334,0
0.1335,0
0.1336,0
0.1337,0
0.1338,0
0.1339,0
0.134,0
0.1341,0
0.1342,0
0.1343,0
0.1344,0
0.1345,0
0.1346,0
0.1347,0
0.1348,0
0.1349,0
0.135,0
0.1351,0
0.1352,0
0.1353,0
0.1354,0
0.1355,0
0.1356,0
0.1357,0
0.1358,0
0.1359,0
0.136,0
0.1361,0
0.1362,0
0.1363,0
0.1364,0
0.1365,0
0.1366,0
0.1367,0
0.1368,0
0.1369,0
0.137,0
0.1371,0
0.1372,0
0.1373,0
0.1374,0
0.1375,0
0.1376,0
0.1377,0
0.1378,0
0.1379,0
0.138,0
0.1381,0
0.1382,0
0.1383,0
0.1384,0
0.1385,0
0.1386,0
0.1387,0
0.1388,0
0.1389,0
0.139,0
0.1391,0
0.1392,0
0.1393,0
0.1394,0
0.1395,0
0.1396,0
0.1397,0
0.1398,0
0.1399,0
0.14,0
0.1401,0
0.1402,0
0.1403,0
0.1404,0
0.1405,0
0.1406,0
0.1407,0
0.1408,0
0.1409,0
0.141,0
0.1411,0
0.1412,0
0.1413,0
0.1414,0
0.1415,0
0.1416,0
0.1417,0
0.1418,0
0.1419,0
0.142,0
0.1421,0
0.1422,0
0.1423,0
0.1424,0
0.1425,0
0.1426,0
0.1427,0
0.1428,0
0.1429,0
0.143,0
0.1431,0
0.1432,0
0.1433,0
0.1434,0
0.1435,0
0.1436,0
0.1437,0
0.1438,0
0.1439,0
0.144,0
0.1441,0
0.1442,0
0.1443,0
0.1444,0
0.1445,0
0.1446,0
0.1447,0
0.1448,0
0.1449,0
0.145,0
0.1451,0
0.1452,0
0.1453,0
0.1454,0
0.1455,0
0.1456,0
0.1457,0
0.1458,0
0.1459,0
0.146,0
0.1461,0
0.1462,0
0.1463,0
0.1464,0
0.1465,0
0.1466,0
0.1467,0
0.1468,0
0.1469,0
0.147,0
0.1471,0
0.1472,0
0.1473,0
0.1474,0
0.1475,0
0.1476,0
0.1477,0
0.1478,0
0.1479,0
0.148,0
0.1481,0
0.1482,0
0.1483,0
0.1484,0
0.1485,0
0.1486,0
0.1487,0
0.1488,0
0.1489,0
0.149,0
0.1491,0
0.1492,0
0.1493,0
0.1494,0
0.1495,0
0.1496,0
0.1497,0
0.1498,0
0.1499,0
0.15,0
0.1501,0
0.1502,0
0.1503,0
0.1504,0
0.1505,0
0.1506,0
0.1507,0
0.1508,0
0.1509,0
0.151,0
0.1511,0
0.1512,0
0.1513,0
0.1514,0
0.1515,0
0.1516,0
0.1517,0
0.1518,0
0.1519,0
0.152,0
0.1521,0
0.1522,0
0.1523,0
0.1524,0
0.1525,0
0.1526,0
0.1527,0
0.1528,0
0.1529,0
0.153,0
0.1531,0
0.1532,0
0.1533,0
0.1534,0
0.1535,0
0.1536,0
0.1537,0
0.1538,0
0.1539,0
0.154,0
0.1541,0
0.1542,0
0.1543,0
0.1544,0
0.1545,0
0.1546,0
0.1547,0
0.1548,0
0.1549,0
0.155,0
0.1551,0
0.1552,0
0.1553,0
0.1554,0
0.1555,0
0.1556,0
0.1557,0
0.1558,0
0.1559,0
0.156,0
0.1561,0
0.1562,0
0.1563,0
0.1564,0
0.1565,0
0.1566,0
0.1567,0
0.1568,0
0.1569,0
0.157,0
0.1571,0
0.1572,0
0.1573,0
0.1574,0
0.1575,0
0.1576,0
0.1577,0
0.1578,0
0.1579,0
0.158,0
0.1581,0
0.1582,0
0.1583,0
0.1584,0
0.1585,0
0.1586,0
0.1587,0
0.1588,0
0.1589,0
0.159,0
0.1591,0
0.1592,0
0.1593,0
0.1594,0
0.1595,0
0.1596,0
0.1597,0
0.1598,0
0.1599,0
0.16,0
0.1601,0
0.1602,0
0.1603,0
0.1604,0
0.1605,0
0.1606,0
0.1607,0
0.1608,0
0.1609,0
0.161,0
0.1611,0
0.1612,0
0.1613,0
0.1614,0
0.1615,0
0.1616,0
0.1617,0
0.1618,0
0.1619,0
0.162,0
0.1621,0
0.1622,0
0.1623,0
0.1624,0
0.1625,0
0.1626,0
0.1627,0
0.1628,0
0.1629,0
0.163,0
0.1631,0
0.1632,0
0.1633,0
0.1634,0
0.1635,0
0.1636,0
0.1637,0
0.1638,0
0.1639,0
0.164,0
0.1641,0
0.1642,0
0.1643,0
0.1644,0
0.1645,0
0.1646,0
0.1647,0
0.1648,0
0.1649,0
0.165,0
0.1651,0
0.1652,0
0.1653,0
0.1654,0
0.1655,0
0.1656,0
0.1657,0
0.1658,0
0.1659,0
0.166,0
0.1661,0
0.1662,0
0.1663,0
0.1664,0
0.1665,0
0.1666,0
0.1667,0
0.1668,0
0.1669,0
0.167,0
0.1671,0
0.1672,0
0.1673,0
0.1674,0
0.1675,0
0.1676,0
0.1677,0
0.1678,0
0.1679,0
0.168,0
0.1681,0
0.1682,0
0.1683,0
0.1684,0
0.1685,0
0.1686,0
0.1687,0
0.1688,0
0.1689,0
0.169,0
0.1691,0
0.1692,0
0.1693,0
0.1694,0
0.1695,0
0.1696,0
0.1697,0
0.1698,0
0.1699,0
0.17,0
0.1701,0
0.1702,0
0.1703,0
0.1704,0
0.1705,0
0.1706,0
0.1707,0
0.1708,0
0.1709,0
0.171,0
0.1711,0
0.1712,0
0.1713,0
0.1714,0
0.1715,0
0.1716,0
0.1717,0
0.1718,0
0.1719,0
0.172,0
0.1721,0
0.1722,0
0.1723,0
0.1724,0
0.1725,0
0.1726,0
0.1727,0
0.1728,0
0.1729,0
0.173,0
0.1731,0
0.1732,0
0.1733,0
0.1734,0
0.1735,0
0.1736,0
0.1737,0
0.1738,0
0.1739,0
0.174,0
0.1741,0
0.1742,0
0.1743,0
0.1744,0
0.1745,0
0.1746,0
0.1747,0
0.1748,0
0.1749,0
0.175,0
0.1751,0
0.1752,0
0.1753,0
0.1754,0
0.1755,0
0.1756,0
0.1757,0
0.1758,0
0.1759,0
0.176,0
0.1761,0
0.1762,0
0.1763,0
0.1764,0
0.1765,0
0.1766,0
0.1767,0
0.1768,0
0.1769,0
0.177,0
0.1771,0
0.1772,0
0.1773,0
0.1774,0
0.1775,0
0.1776,0
0.1777,0
0.1778,0
0.1779,0
0.178,0
0.1781,0
0.1782,0
0.1783,0
0.1784,0
0.1785,0
0.1786,0
0.1787,0
0.1788,0
0.1789,0
0.179,0
0.1791,0
0.1792,0
0.1793,0
0.1794,0
0.1795,0
0.1796,0
0.1797,0
0.1798,0
0.1799,0
0.18,0
0.1801,0
0.1802,0
0.1803,0
0.1804,0
0.1805,0
0.1806,0
0.1807,0
0.1808,0
0.1809,0
0.181,0
0.1811,0
0.1812,0
0.1813,0
0.1814,0
0.1815,0
0.1816,0
0.1817,0
0.1818,0
0.1819,0
0.182,0
0.1821,0
0.1822,0
0.1823,0
0.1824,0
0.1825,0
0.1826,0
0.1827,0
0.1828,0
0.1829,0
0.183,0
0.1831,0
0.1832,0
0.1833,0
0.1834,0
0.1835,0
0.1836,0
0.1837,0
0.1838,0
0.1839,0
0.184,0
0.1841,0
0.1842,0
0.1843,0
0.1844,0
0.1845,0
0.1846,0
0.1847,0
0.1848,0
0.1849,0
0.185,0
0.1851,0
0.1852,0
0.1853,0
0.1854,0
0.1855,0
0.1856,0
0.1857,0
0.1858,0
0.1859,0
0.186,0
0.1861,0
0.1862,0
0.1863,0
0.1864,0
0.1865,0
0.1866,0
0.1867,0
0.1868,0
0.1869,0
0.187,0
0.1871,0
0.1872,0
0.1873,0
0.1874,0
0.1875,0
0.1876,0
0.1877,0
0.1878,0
0.1879,0
0.188,0
0.1881,0
0.1882,0
0.1883,0
0.1884,0
0.1885,0
0.1886,0
0.1887,0
0.1888,0
0.1889,0
0.189,0
0.1891,0
0.1892,0
0.1893,0
0.1894,0
0.1895,0
0.1896,0
0.1897,0
0.1898,0
0.1899,0
0.19,0
0.1901,0
0.1902,0
0.1903,0
0.1904,0
0.1905,0
0.1906,0
0.1907,0
0.1908,0
0.1909,0
0.191,0
0.1911,0
0.1912,0
0.1913,0
0.1914,0
0.1915,0
0.1916,0
0.1917,0
0.1918,0
0.1919,0
0.192,0
0.1921,0
0.1922,0
0.1923,0
0.1924,0
0.1925,0
0.1926,0
0.1927,0
0.1928,0
0.1929,0
0.193,0
0.1931,0
0.1932,0
0.1933,0
0.1934,0
0.1935,0
0.1936,0
0.1937,0
0.1938,0
0.1939,0
0.194,0
0.1941,0
0.1942,0
0.1943,0
0.1944,0
0.1945,0
0.1946,0
0.1947,0
0.1948,0
0.1949,0
0.195,0
0.1951,0
0.1952,0
0.1953,0
0.1954,0
0.1955,0
0.1956,0
0.1957,0
0.1958,0
0.1959,0
0.196,0
0.1961,0
0.1962,0
0.1963,0
0.1964,0
0.1965,0
0.1966,0
0.1967,0
0.1968,0
0.1969,0
0.197,0
0.1971,0
0.1972,0
0.1973,0
0.1974,0
0.1975,0
0.1976,0
0.1977,0
0.1978,0
0.1979,0
0.198,0
0.1981,0
0.1982,0
0.1983,0
0.1984,0
0.1985,0
0.1986,0
0.1987,0
0.1988,0
0.1989,0
0.199,0
0.1991,0
0.1992,0
0.1993,0
0.1994,0
0.1995,0
0.1996,0
0.1997,0
0.1998,0
0.1999,0
0.2,0
0.2001,0
0.2002,0
0.2003,0
0.2004,0
0.2005,0
0.2006,0
0.2007,0
0.2008,0
0.2009,0
0.201,0
0.2011,0
0.2012,0
0.2013,0
0.2014,0
0.2015,0
0.2016,0
0.2017,0
0.2018,0
0.2019,0
0.202,0
0.2021,0
0.2022,0
0.2023,0
0.2024,0
0.2025,0
0.2026,0
0.2027,0
0.2028,0
0.2029,0
0.203,0
0.2031,0
0.2032,0
0.2033,0
0.2034,0
0.2035,0
0.2036,0
0.2037,0
0.2038,0
0.2039,0
0.204,0
0.2041,0
0.2042,0
0.2043,0
0.2044,0
0.2045,0
0.2046,0
0.2047,0
0.2048,0
0.2049,0
0.205,0
0.2051,0
0.2052,0
0.2053,0
0.2054,0
0.2055,0
0.2056,0
0.2057,0
0.2058,0
0.2059,0
0.206,0
0.2061,0
0.2062,0
0.2063,0
0.2064,0
0.2065,0
0.2066,0
0.2067,0
0.2068,0
0.2069,0
0.207,0
0.2071,0
0.2072,0
0.2073,0
0.2074,0
0.2075,0
0.2076,0
0.2077,0
0.2078,0
0.2079,0
0.208,0
0.2081,0
0.2082,0
0.2083,0
0.2084,0
0.2085,0
0.2086,0
0.2087,0
0.2088,0
0.2089,0
0.209,0
0.2091,0
0.2092,0
0.2093,0
0.2094,0
0.2095,0
0.2096,0
0.2097,0
0.2098,0
0.2099,0
0.21,0
0.2101,0
0.2102,0
0.2103,0
0.2104,0
0.2105,0
0.2106,0
0.2107,0
0.2108,0
0.2109,0
0.211,0
0.2111,0
0.2112,0
0.2113,0
0.2114,0
0.2115,0
0.2116,0
0.2117,0
0.2118,0
0.2119,0
0.212,0
0.2121,0
0.2122,0
0.2123,0
0.2124,0
0.2125,0
0.2126,0
0.2127,0
0.2128,0
0.2129,0
0.213,0
0.2131,0
0.2132,0
0.2133,0
0.2134,0
0.2135,0
0.2136,0
0.2137,0
0.2138,0
0.2139,0
0.214,0
0.2141,0
0.2142,0
0.2143,0
0.2144,0
0.2145,0
0.2146,0
0.2147,0
0.2148,0
0.2149,0
0.215,0
0.2151,0
0.2152,0
0.2153,0
0.2154,0
0.2155,0
0.2156,0
0.2157,0
0.2158,0
0.2159,0
0.216,0
0.2161,0
0.2162,0
0.2163,0
0.2164,0
0.2165,0
0.2166,0
0.2167,0
0.2168,0
0.2169,0
0.217,0
0.2171,0
0.2172,0
0.2173,0
0.2174,0
0.2175,0
0.2176,0
0.2177,0
0.2178,0
0.2179,0
0.218,0
0.2181,0
0.2182,0
0.2183,0
0.2184,0
0.2185,0
0.2186,0
0.2187,0
0.2188,0
0.2189,0
0.219,0
0.2191,0
0.2192,0
0.2193,0
0.2194,0
0.2195,0
0.2196,0
0.2197,0
0.2198,0
0.2199,0
0.22,0
0.2201,0
0.2202,0
0.2203,0
0.2204,0
0.2205,0
0.2206,0
0.2207,0
0.2208,0
0.2209,0
0.221,0
0.2211,0
0.2212,0
0.2213,0
0.2214,0
0.2215,0
0.2216,0
0.2217,0
0.2218,0
0.2219,0
0.222,0
0.2221,0
0.2222,0
0.2223,0
0.2224,0
0.2225,0
0.2226,0
0.2227,0
0.2228,0
0.2229,0
0.223,0
0.2231,0
0.2232,0
0.2233,0
0.2234,0
0.2235,0
0.2236,0
0.2237,0
0.2238,0
0.2239,0
0.224,0
0.2241,0
0.2242,0
0.2243,0
0.2244,0
0.2245,0
0.2246,0
0.2247,0
0.2248,0
0.2249,0
0.225,0
0.2251,0
0.2252,0
0.2253,0
0.2254,0
0.2255,0
0.2256,0
0.2257,0
0.2258,0
0.2259,0
0.226,0
0.2261,0
0.2262,0
0.2263,0
0.2264,0
0.2265,0
0.2266,0
0.2267,0
0.2268,0
0.2269,0
0.227,0
0.2271,0
0.2272,0
0.2273,0
0.2274,0
0.2275,0
0.2276,0
0.2277,0
0.2278,0
0.2279,0
0.228,0
0.2281,0
0.2282,0
0.2283,0
0.2284,0
0.2285,0
0.2286,0
0.2287,0
0.2288,0
0.2289,0
0.229,0
0.2291,0
0.2292,0
0.2293,0
0.2294,0
0.2295,0
0.2296,0
0.2297,0
0.2298,0
0.2299,0
0.23,0
0.2301,0
0.2302,0
0.2303,0
0.2304,0
0.2305,0
0.2306,0
0.2307,0
0.2308,0
0.2309,0
0.231,0
0.2311,0
0.2312,0
0.2313,0
0.2314,0
0.2315,0
0.2316,0
0.2317,0
0.2318,0
0.2319,0
0.232,0
0.2321,0
0.2322,0
0.2323,0
0.2324,0
0.2325,0
0.2326,0
0.2327,0
0.2328,0
0.2329,0
0.233,0
0.2331,0
0.2332,0
0.2333,0
0.2334,0
0.2335,0
0.2336,0
0.2337,0
0.2338,0
0.2339,0
0.234,0
0.2341,0
0.2342,0
0.2343,0
0.2344,0
0.2345,0
0.2346,0
0.2347,0
0.2348,0
0.2349,0
0.235,0
0.2351,0
0.2352,0
0.2353,0
0.2354,0
0.2355,0
0.2356,0
0.2357,0
0.2358,0
0.2359,0
0.236,0
0.2361,0
0.2362,0
0.2363,0
0.2364,0
0.2365,0
0.2366,0
0.2367,0
0.2368,0
0.2369,0
0.237,0
0.2371,0
0.2372,0
0.2373,0
0.2374,0
0.2375,0
0.2376,0
0.2377,0
0.2378,0
0.2379,0
0.238,0
0.2381,0
0.2382,0
0.2383,0
0.2384,0
0.2385,0
0.2386,0
0.2387,0
0.2388,0
0.2389,0
0.239,0
0.2391,0
0.2392,0
0.2393,0
0.2394,0
0.2395,0
0.2396,0
0.2397,0
0.2398,0
0.2399,0
0.24,0
0.2401,0
0.2402,0
0.2403,0
0.2404,0
0.2405,0
0.2406,0
0.2407,0
0.2408,0
0.2409,0
0.241,0
0.2411,0
0.2412,0
0.2413,0
0.2414,0
0.2415,0
0.2416,0
0.2417,0
0.2418,0
0.2419,0
0.242,0
0.2421,0
0.2422,0
0.2423,0
0.2424,0
0.2425,0
0.2426,0
0.2427,0
0.2428,0
0.2429,0
0.243,0
0.2431,0
0.2432,0
0.2433,0
0.2434,0
0.2435,0
0.2436,0
0.2437,0
0.2438,0
0.2439,0
0.244,0
0.2441,0
0.2442,0
0.2443,0
0.2444,0
0.2445,0
0.2446,0
0.2447,0
0.2448,0
0.2449,0
0.245,0
0.2451,0
0.2452,0
0.2453,0
0.2454,0
0.2455,0
0.2456,0
0.2457,0
0.2458,0
0.2459,0
0.246,0
0.2461,0
0.2462,0
0.2463,0
0.2464,0
0.2465,0
0.2466,0
0.2467,0
0.2468,0
0.2469,0
0.247,0
0.2471,0
0.2472,0
0.2473,0
0.2474,0
0.2475,0
0.2476,0
0.2477,0
0.2478,0
0.2479,0
0.248,0
0.2481,0
0.2482,0
0.2483,0
0.2484,0
0.2485,0
0.2486,0
0.2487,0
0.2488,0
0.2489,0
0.249,0
0.2491,0
0.2492,0
0.2493,0
0.2494,0
0.2495,0
0.2496,0
0.2497,0
0.2498,0
0.2499,0
0.25,0
0.2500000001250007,0
0.2500000001250007,0
0.2501,-0.000992351755209796
0.2502,-0.00196893676275674
0.2503,-0.002929052711738899
0.2504,-0.003871981398822225
0.2505,-0.004797021465215459
0.2506,-0.005703541821264316
0.2507,-0.006590915009637437
0.2508,-0.007458530192648085
0.2509,-0.008305827222498417
0.251,-0.009132273398096774
0.2511,-0.009937346726999726
0.2512,-0.01072056965025183
0.2513,-0.01148149294184824
0.2514,-0.012219685885226
0.2515,-0.0129347503541926
0.2516,-0.01362633082607997
0.2517,-0.0142940901624556
0.2518,-0.01493772017009919
0.2519,-0.01555693952199758
0.252,-0.01615150046807984
0.2521,-0.01672117847666093
0.2522,-0.01726578070102472
0.2523,-0.01778514010165994
0.2524,-0.01827911518549142
0.2525,-0.01874759528349461
0.2526,-0.01919049341293953
0.2527,-0.01960775159573179
0.2528,-0.01999933808020644
0.2529,-0.02036524409060827
0.253,-0.02070549127618287
0.2531,-0.02102012274187747
0.2532,-0.02130920666793471
0.2533,-0.02157283725365135
0.2534,-0.02181113218408844
0.2535,-0.02202423293015479
0.2536,-0.02221230222490614
0.2537,-0.02237552558882081
0.2538,-0.02251411260210349
0.2539,-0.02262829375989855
0.254,-0.02271832094929888
0.2541,-0.02278445826383949
0.2542,-0.02282699944766524
0.2543,-0.02284625438201133
0.2544,-0.0228425517347068
0.2545,-0.02281623345980646
0.2546,-0.02276766301996779
0.2547,-0.02269722053705837
0.2548,-0.02260530175350229
0.2549,-0.02249231668263506
0.255,-0.02235869085172504
0.2551,-0.02220486472681095
0.2552,-0.02203129214522285
0.2553,-0.02183843868178613
0.2554,-0.02162678199942449
0.2555,-0.02139681307694026
0.2556,-0.02114903326190529
0.2557,-0.02088395333479949
0.2558,-0.02060209244133135
0.2559,-0.02030398105033344
0.256,-0.01999015696865051
0.2561,-0.01966116560275935
0.2562,-0.01931755925319857
0.2563,-0.01895989661716821
0.2564,-0.01858874200848408
0.2565,-0.01820466473377803
0.2566,-0.01780823839827185
0.2567,-0.0174000403418878
0.2568,-0.01698065091729112
0.2569,-0.01655065285287537
0.257,-0.01611063142164693
0.2571,-0.01566117220262276
0.2572,-0.01520286150581503
0.2573,-0.01473628579089144
0.2574,-0.01426203202783147
0.2575,-0.01378068440568182
0.2576,-0.01329282576831663
0.2577,-0.01279903751578542
0.2578,-0.01229989881310509
0.2579,-0.01179598384632602
0.258,-0.01128786341376111
0.2581,-0.01077610539455749
0.2582,-0.01026127190788809
0.2583,-0.009743919223333305
0.2584,-0.009224597957638287
0.2585,-0.008703854287345632
0.2586,-0.008182225416238739
0.2587,-0.007660241883581733
0.2588,-0.007138426935693048
0.2589,-0.006617297243766379
0.259,-0.006097358746867043
0.2591,-0.005579109111740895
0.2592,-0.005063038137476212
0.2593,-0.004549626366496683
0.2594,-0.004039342635791822
0.2595,-0.003532646092196496
0.2596,-0.003029987889751379
0.2597,-0.002531806414709109
0.2598,-0.002038528745053992
0.2599,-0.00155057095689748
0.26,-0.001068340204199625
0.2601,-0.0005922286425816502
0.2602,-0.0001226172711555106
0.2603,0.000340124525281135
0.2604,0.0007956383608807851
0.2605,0.001243580904703314
0.2606,0.00168362093928564
0.2607,0.002115438505226315
0.2608,0.002538726916422348
0.2609,0.002953194133848799
0.261,0.003358560936883588
0.2611,0.003754558420938024
0.2612,0.004140933893294774
0.2613,0.004517447806772785
0.2614,0.004883873707654467
0.2615,0.00523999605329693
0.2616,0.005585616058187761
0.2617,0.005920547512459247
0.2618,0.00624461688271355
0.2619,0.006557663067984414
0.262,0.006859540511908343
0.2621,0.007150116433521598
0.2622,0.007429268520374721
0.2623,0.007696888585656547
0.2624,0.007952882771264087
0.2625,0.008197169425426998
0.2626,0.008429679819117073
0.2627,0.008650358102286742
0.2628,0.008859161260108274
0.2629,0.009056058692594109
0.263,0.009241031370998154
0.2631,0.009414074932243987
0.2632,0.009575196748503932
0.2633,0.009724416713791859
0.2634,0.009861767192750169
0.2635,0.009987292969436394
0.2636,0.01010105119611055
0.2637,0.01020307466886186
0.2638,0.01029344527310174
0.2639,0.01037225617540558
0.264,0.01043960335549004
0.2641,0.01049559339872484
0.2642,0.01054034334750947
0.2643,0.01057397914266121
0.2644,0.01059660753020787
0.2645,0.01060838803377671
0.2646,0.01060947223490624
0.2647,0.01060002055517593
0.2648,0.01058020042711438
0.2649,0.01055016817958718
0.265,0.0105101147797631
0.2651,0.01046022820564666
0.2652,0.01040070329634804
0.2653,0.01033174166924104
0.2654,0.010253552763886
0.2655,0.01016635008716833
0.2656,0.01007035379063098
0.2657,0.009965789640458715
0.2658,0.009852888862521798
0.2659,0.009731888385722552
0.266,0.009603029151281648
0.2661,0.009466557036031905
0.2662,0.009322722273210349
0.2663,0.009171777836684745
0.2664,0.009013974832219692
0.2665,0.008849575781092103
0.2666,0.00867884285853477
0.2667,0.00850204073489638
0.2668,0.008319435363692335
0.2669,0.008131291735361722
0.267,0.007937880531173917
0.2671,0.007739471728614042
0.2672,0.007536335957043593
0.2673,0.007328745173657219
0.2674,0.007116973705136464
0.2675,0.00690129188139124
0.2676,0.006681971172918091
0.2677,0.006459282347696768
0.2678,0.006233499407862378
0.2679,0.006004891679196466
0.268,0.005773727379475293
0.2681,0.005540273760357322
0.2682,0.005304796811091448
0.2683,0.005067561282389049
0.2684,0.004828828338066291
0.2685,0.004588857245578166
0.2686,0.004347904568138236
0.2687,0.004106224732497037
0.2688,0.00386406820092585
0.2689,0.003621682201851863
0.269,0.003379310370948151
0.2691,0.003137193444792954
0.2692,0.002895568918993697
0.2693,0.002654668230652156
0.2694,0.002414719196580428
0.2695,0.002175945006275368
0.2696,0.001938568045454703
0.2697,0.001702801437665462
0.2698,0.001468854757569066
0.2699,0.001236932476246894
0.27,0.001007235412459106
0.2701,0.0007799595431988408
0.2702,0.0005552931798393078
0.2703,0.0003334200527972801
0.2704,0.0001145182726680108
0.2705,-0.0001012366656712419
0.2706,-0.0003136789156804932
0.2707,-0.0005226472292992708
0.2708,-0.000727986419544992
0.2709,-0.0009295457712334716
0.271,-0.001127180823672182
0.2711,-0.00132075483047279
0.2712,-0.001510136569586267
0.2713,-0.001695200883119554
0.2714,-0.001875825925658114
0.2715,-0.002051900061404204
0.2716,-0.002223316657606072
0.2717,-0.002389975534097009
0.2718,-0.002551780809591309
0.2719,-0.002708643761629767
0.272,-0.002860483262923771
0.2721,-0.003007223863337291
0.2722,-0.003148796045093395
0.2723,-0.003285134077604985
0.2724,-0.00341618199048976
0.2725,-0.003541888798950878
0.2726,-0.003662209785720402
0.2727,-0.003777104336042477
0.2728,-0.003886539185333352
0.2729,-0.00399048771786696
0.273,-0.00408892883125005
0.2731,-0.00418184671712478
0.2732,-0.004269229308105568
0.2733,-0.004351073400091818
0.2734,-0.004427380257617242
0.2735,-0.00449815674875086
0.2736,-0.004563415298451214
0.2737,-0.004623173139725488
0.2738,-0.004677450985244656
0.2739,-0.004726278120038273
0.274,-0.004769687684728161
0.2741,-0.004807717945300564
0.2742,-0.004840412230500259
0.2743,-0.00486781715955842
0.2744,-0.004889979460480706
0.2745,-0.004906958844738749
0.2746,-0.004918816041487271
0.2747,-0.004925616137537727
0.2748,-0.004927428485369189
0.2749,-0.004924325167930081
0.275,-0.004916378148485358
0.2751,-0.00490367053395504
0.2752,-0.00488628602452815
0.2753,-0.004864311822464107
0.2754,-0.004837838518342886
0.2755,-0.004806959140823098
0.2756,-0.004771767336804136
0.2757,-0.004732364117225813
0.2758,-0.004688851447011255
0.2759,-0.004641333937456349
0.276,-0.004589918720330874
0.2761,-0.004534712998744839
0.2762,-0.00447582851296845
0.2763,-0.004413378785880158
0.2764,-0.00434747891100261
0.2765,-0.00427824573164935
0.2766,-0.004205797354168076
0.2767,-0.004130253129170368
0.2768,-0.00405173440771174
0.2769,-0.003970363386662864
0.277,-0.003886263283663744
0.2771,-0.003799558199143167
0.2772,-0.003710373051531861
0.2773,-0.003618833266478603
0.2774,-0.003525064772399287
0.2775,-0.003429193825399282
0.2776,-0.003331346870158325
0.2777,-0.003231650626641946
0.2778,-0.003130231649869545
0.2779,-0.003027216129406229
0.278,-0.002922730002509925
0.2781,-0.002816898722181656
0.2782,-0.002709847367578273
0.2783,-0.00260170126768178
0.2784,-0.00249258335959418
0.2785,-0.002382616229490754
0.2786,-0.002271921373407174
0.2787,-0.002160619066052943
0.2788,-0.002048830481125659
0.2789,-0.001936673324136891
0.279,-0.001824263854151133
0.2791,-0.001711717104335587
0.2792,-0.001599146395587517
0.2793,-0.001486664374101717
0.2794,-0.001374382807399631
0.2795,-0.001262408893088358
0.2796,-0.001150848976117253
0.2797,-0.001039807284686197
0.2798,-0.0009293858256181343
0.2799,-0.0008196877444139584
0.28,-0.0007108095122630838
0.2801,-0.000602846808285777
0.2802,-0.0004958928599932147
0.2803,-0.0003900383459343349
0.2804,-0.0002853738737779759
0.2805,-0.0001819867589956438
0.2806,-7.995957804017719e-05
0.2807,2.062653850091332e-05
0.2808,0.0001196931877579961
0.2809,0.0002171648163943596
0.281,0.0003129690037004194
0.2811,0.0004070358880082989
0.2812,0.0004992987857514439
0.2813,0.000589694111128707
0.2814,0.0006781614476804131
0.2815,0.0007646370321169968
0.2816,0.000849065778513195
0.2817,0.000931396041402566
0.2818,0.001011577882300043
0.2819,0.001089564385290405
0.282,0.001165309497361206
0.2821,0.001238767616273978
0.2822,0.001309901758132063
0.2823,0.001378675255528622
0.2824,0.00144505424248581
0.2825,0.001509007659067253
0.2826,0.001570513969839597
0.2827,0.00162954652755324
0.2828,0.001686084512335852
0.2829,0.00174011044641407
0.283,0.001791610074435412
0.2831,0.001840563669937081
0.2832,0.001886955605018412
0.2833,0.0019307814540941
0.2834,0.001972034606870536
0.2835,0.002010710855967491
0.2836,0.002046810321620388
0.2837,0.002080348309343159
0.2838,0.002111324566972593
0.2839,0.002139748973089552
0.284,0.002165634503558726
0.2841,0.002188997260177693
0.2842,0.002209836808390478
0.2843,0.002228170512630888
0.2844,0.002244020882429
0.2845,0.002257407712661663
0.2846,0.002268352488296375
0.2847,0.002276881526791963
0.2848,0.00228302759137701
0.2849,0.002286815499829262
0.285,0.002288276127362587
0.2851,0.00228744223329512
0.2852,0.002284348421374113
0.2853,0.002279032461866953
0.2854,0.00227153234598813
0.2855,0.002261888320774581
0.2856,0.002250142456802435
0.2857,0.00223633855357969
0.2858,0.002220519831825525
0.2859,0.002202731067351772
0.286,0.002183021110200688
0.2861,0.002161438798925443
0.2862,0.002138034259872947
0.2863,0.002112858353526605
0.2864,0.002085958813376657
0.2865,0.00205739030787152
0.2866,0.002027206043990621
0.2867,0.001995459964041634
0.2868,0.001962206669770779
0.2869,0.001927501762533028
0.287,0.001891401074887719
0.2871,0.001853960790119196
0.2872,0.001815237589815851
0.2873,0.001775288470537952
0.2874,0.001734171744110926
0.2875,0.001691947939668346
0.2876,0.001648674061340894
0.2877,0.001604408912082075
0.2878,0.001559211474825593
0.2879,0.001513140856817408
0.288,0.001466252918651371
0.2881,0.001418607128421488
0.2882,0.001370261825828937
0.2883,0.00132127483188915
0.2884,0.001271703603767052
0.2885,0.001221607439683721
0.2886,0.00117104559262446
0.2887,0.001120073853308666
0.2888,0.001068749152574023
0.2889,0.001017127993761105
0.289,0.0009652663094525783
0.2891,0.0009132183853010083
0.2892,0.0008610394077027112
0.2893,0.0008087833043687699
0.2894,0.0007565032607635603
0.2895,0.0007042516656440518
0.2896,0.000652079719753597
0.2897,0.0006000379136670484
0.2898,0.0005481758786782151
0.2899,0.0004965421016931347
0.29,0.0004451839708657924
0.2901,0.0003941484324237488
0.2902,0.0003434829092523749
0.2903,0.0002932307469219919
0.2904,0.0002434353131312975
0.2905,0.0001941387643000424
0.2906,0.0001453820019443497
0.2907,9.720792539289249e-05
0.2908,4.965469217941395e-05
0.2909,2.759936142909757e-06
0.291,-4.343963067032836e-05
0.2911,-8.890854461427043e-05
0.2912,-0.0001336119749328617
0.2913,-0.0001775171746181411
0.2914,-0.0002205924121339422
0.2915,-0.0002628072821922614
0.2916,-0.0003041326827998005
0.2917,-0.0003445405441551874
0.2918,-0.0003840046350171708
0.2919,-0.0004224999509774781
0.292,-0.0004600029069911895
0.2921,-0.0004964910263012597
0.2922,-0.0005319424251591951
0.2923,-0.0005663379920907787
0.2924,-0.0005996594884270561
0.2925,-0.0006318900964770588
0.2926,-0.0006630138565850171
0.2927,-0.0006930157141982734
0.2928,-0.000721883184707367
0.2929,-0.0007496046288163138
0.293,-0.0007761697691530991
0.2931,-0.0008015690892974965
0.2932,-0.0008257943965548528
0.2933,-0.000848839428033309
0.2934,-0.0008706988916218352
0.2935,-0.0008913687766555005
0.2936,-0.0009108463490583668
0.2937,-0.0009291297962511369
0.2938,-0.0009462184100659405
0.2939,-0.0009621133269531052
0.294,-0.0009768166052862477
0.2941,-0.0009903315084330909
0.2942,-0.001002662496307098
0.2943,-0.001013814674767873
0.2944,-0.001023793628756056
0.2945,-0.001032607654278552
0.2946,-0.001040265435773325
0.2947,-0.001046776730813248
0.2948,-0.001052152355781712
0.2949,-0.001056403872395921
0.295,-0.001059543014649688
0.2951,-0.001061584017204269
0.2952,-0.001062541431582378
0.2953,-0.001062430737182758
0.2954,-0.001061268322780758
0.2955,-0.001059071101036789
0.2956,-0.001055854415203265
0.2957,-0.001051638124536074
0.2958,-0.001046441333776714
0.2959,-0.001040283842698866
0.296,-0.001033186119119024
0.2961,-0.001025169241747607
0.2962,-0.001016254086072318
0.2963,-0.001006463227683515
0.2964,-0.0009958193399151717
0.2965,-0.0009843455963458312
0.2966,-0.0009720656415038863
0.2967,-0.0009590035615728507
0.2968,-0.000945184271966743
0.2969,-0.0009306325567233276
0.297,-0.0009153737319068489
0.2971,-0.0008994334722756539
0.2972,-0.0008828377655117905
0.2973,-0.0008656128840975607
0.2974,-0.0008477851392349296
0.2975,-0.000829381300405256
0.2976,-0.0008104282965063774
0.2977,-0.0007909531895397255
0.2978,-0.0007709831750300729
0.2979,-0.0007505455531935392
0.298,-0.0007296672524389674
0.2981,-0.0007083756176397023
0.2982,-0.0006866980635377044
0.2983,-0.0006646618582157599
0.2984,-0.0006422942047504243
0.2985,-0.0006196222106713031
0.2986,-0.0005966730345611968
0.2987,-0.000573473585449782
0.2988,-0.0005500504941838487
0.2989,-0.0005264302565423805
0.299,-0.0005026391320712417
0.2991,-0.0004787031143520625
0.2992,-0.0004546487506495535
0.2993,-0.000430502168402899
0.2994,-0.0004062882389432622
0.2995,-0.0003820320346922817
0.2996,-0.0003577582837856975
0.2997,-0.0003334913451135582
0.2998,-0.0003092550619708974
0.2999,-0.0002850727985052939
0.3,-0.0002609677005614193
0.3001,-0.0002369623215135541
0.3002,-0.0002130787079615434
0.3003,-0.0001893383739014927
0.3004,-0.000165763089474302
0.3005,-0.0001423752353784454
0.3006,-0.0001191940213773032
0.3007,-9.623927626796792e-05
0.3008,-7.353028157162181e-05
0.3009,-5.108575357865288e-05
0.301,-2.892424164539555e-05
0.3011,-7.065063848447427e-06
0.3012,1.447539042473373e-05
0.3013,3.568031872216069e-05
0.3014,5.65334871251136e-05
0.3015,7.701924221268038e-05
0.3016,9.712272113696551e-05
0.3017,0.0001168312439827007
0.3018,0.0001361304273583075
0.3019,0.0001550075145702422
0.302,0.0001734504646558472
0.3021,0.0001914479696090136
0.3022,0.0002089893403282278
0.3023,0.000226058554506029
0.3024,0.0002426485682108479
0.3025,0.0002587497590344795
0.3026,0.0002743530864261198
0.3027,0.0002894500922491963
0.3028,0.0003040329013381573
0.3029,0.0003180989276269974
0.303,0.0003316405010236406
0.3031,0.0003446523634268182
0.3032,0.0003571303036401963
0.3033,0.0003690709013657348
0.3034,0.0003804715413192831
0.3035,0.0003913209242929293
0.3036,0.0004016182487121345
0.3037,0.0004113622394494972
0.3038,0.0004205505827609967
0.3039,0.0004291813632652234
0.304,0.0004372530463032052
0.3041,0.0004447736475244795
0.3042,0.000451744386156028
0.3043,0.0004581651655217113
0.3044,0.0004640392288200136
0.3045,0.0004693706516087714
0.3046,0.0004741643603318933
0.3047,0.0004784136864337683
0.3048,0.0004821185849318025
0.3049,0.0004852873843129289
0.305,0.0004879230889204739
0.3051,0.0004900287720380124
0.3052,0.0004916075354204363
0.3053,0.0004926734214172591
0.3054,0.0004932402039212423
0.3055,0.0004933086228003349
0.3056,0.0004928873811222419
0.3057,0.0004919859514128416
0.3058,0.0004906145992607789
0.3059,0.0004887785701496904
0.306,0.0004864802485153949
0.3061,0.0004837348197007295
0.3062,0.0004805519831836579
0.3063,0.0004769417075491778
0.3064,0.000472914210185344
0.3065,0.0004684793288788758
0.3066,0.000463646070916426
0.3067,0.0004584257367188955
0.3068,0.0004528287784072526
0.3069,0.0004468657045325415
0.307,0.0004405470535143529
0.3071,0.0004338846210101485
0.3072,0.0004268949483465886
0.3073,0.0004195867231041937
0.3074,0.0004119720655932587
0.3075,0.0004040632773872898
0.3076,0.0003958728344742989
0.3077,0.0003874130286312566
0.3078,0.0003786928955663689
0.3079,0.0003697265527312545
0.308,0.0003605261616272618
0.3081,0.0003511038673005009
0.3082,0.0003414717805519597
0.3083,0.0003316419951455564
0.3084,0.0003216313666546796
0.3085,0.0003114502578255171
0.3086,0.0003011115511365576
0.3087,0.0002906281878911993
0.3088,0.0002800131632339712
0.3089,0.0002692795211667862
0.309,0.000258435619783966
0.3091,0.0002474954082583591
0.3092,0.0002364712259343119
0.3093,0.0002253748981706273
0.3094,0.0002142180629655779
0.3095,0.0002030121519905763
0.3096,0.0001917733749944972
0.3097,0.0001805128026714398
0.3098,0.0001692416809939785
0.3099,0.000157972079081484
0.31,0.0001467160230274704
0.3101,0.0001354854941308945
0.3102,0.0001242870459276073
0.3103,0.0001131310958994643
0.3104,0.0001020293332602438
0.3105,9.099147413364494e-05
0.3106,8.002685510220933e-05
0.3107,6.914440957763364e-05
0.3108,5.83566670561262e-05
0.3109,4.767413019441386e-05
0.311,3.710405400477131e-05
0.3111,2.665536121071844e-05
0.3112,1.633674541228075e-05
0.3113,6.156667191042479e-06
0.3114,-3.877841763723566e-06
0.3115,-1.376008395254874e-05
0.3116,-2.348204372465328e-05
0.3117,-3.303689827016721e-05
0.3118,-4.241818418905391e-05
0.3119,-5.161980865713244e-05
0.312,-6.063414650685036e-05
0.3121,-6.945245919776953e-05
0.3122,-7.807071289208178e-05
0.3123,-8.648304127921245e-05
0.3124,-9.468378321800638e-05
0.3125,-0.0001026674787521979
0.3126,-0.0001104301189492761
0.3127,-0.0001179703695014847
0.3128,-0.0001252822965931483
0.3129,-0.0001323624292545141
0.313,-0.0001392076776079977
0.3131,-0.0001458153426643582
0.3132,-0.0001521821925926454
0.3133,-0.0001583012878835609
0.3134,-0.0001641726673215459
0.3135,-0.0001697938817379991
0.3136,-0.0001751626892772876
0.3137,-0.0001802770490418929
0.3138,-0.0001851353199797943
0.3139,-0.0001897385414348557
0.314,-0.0001940844027678943
0.3141,-0.0001981722640810648
0.3142,-0.0002020017645061639
0.3143,-0.0002055728235329077
0.3144,-0.0002088856423372001
0.3145,-0.0002119415254740403
0.3146,-0.00021474099147651
0.3147,-0.0002172852725626831
0.3148,-0.0002195759237504397
0.3149,-0.0002216148212723118
0.315,-0.0002234041660680773
0.3151,-0.000224943409647999
0.3152,-0.000226235849752373
0.3153,-0.0002272841803725984
0.3154,-0.0002280910275641339
0.3155,-0.0002286592186025972
0.3156,-0.000228991776137794
0.3157,-0.0002290925053058239
0.3158,-0.0002289648388199386
0.3159,-0.0002286124073594975
0.316,-0.0002280391575918764
0.3161,-0.0002272492337735572
0.3162,-0.0002262469740016638
0.3163,-0.0002250341457457756
0.3164,-0.0002236150294046878
0.3165,-0.0002219949818847219
0.3166,-0.0002201785604488219
0.3167,-0.0002181704763344306
0.3168,-0.0002159755947534872
0.3169,-0.0002135989348924331
0.317,-0.0002110454512667093
0.3171,-0.0002083193797227731
0.3172,-0.0002054267749211402
0.3173,-0.0002023731157536652
0.3174,-0.0001991640219483179
0.3175,-0.0001958052540691737
0.3176,-0.0001923027135164206
0.3177,-0.0001886624425263567
0.3178,-0.0001848868935703812
0.3179,-0.0001809822039472028
0.318,-0.0001769555766037589
0.3181,-0.0001728130128822588
0.3182,-0.0001685606087974603
0.3183,-0.0001642045550366672
0.3184,-0.0001597511369597393
0.3185,-0.0001552058027920723
0.3186,-0.0001505706857595198
0.3187,-0.0001458548039519303
0.3188,-0.0001410642656209251
0.3189,-0.0001362052307427667
0.319,-0.0001312839110183691
0.3191,-0.0001263065698732822
0.3192,-0.0001212795224577023
0.3193,-0.0001162047194530516
0.3194,-0.0001110884745222523
0.3195,-0.0001059381156737725
0.3196,-0.0001007594823718622
0.3197,-9.555841503560385e-05
0.3198,-9.034075503891024e-05
0.3199,-8.511234471052122e-05
0.32,-7.987807526012857e-05
0.3201,-7.4639563972595e-05
0.3202,-6.940504849679317e-05
0.3203,-6.417982708541434e-05
0.3204,-5.89691566314454e-05
0.3205,-5.377825266818027e-05
0.3206,-4.861228936920268e-05
0.3207,-4.347639954839769e-05
0.3208,-3.83725160765405e-05
0.3209,-3.330567038328364e-05
0.321,-2.828145486205245e-05
0.3211,-2.33043539940915e-05
0.3212,-1.837877500240994e-05
0.3213,-1.35090478517787e-05
0.3214,-8.699425248727844e-06
0.3215,-3.953647418294193e-06
0.3216,7.261347777444822e-07
0.3217,5.335010511275143e-06
0.3218,9.869424405316121e-06
0.3219,1.432595153577207e-05
0.322,1.870130052353125e-05
0.3221,2.299231662658755e-05
0.3222,2.719598483213758e-05
0.3223,3.13096278469319e-05
0.3224,3.533053610417235e-05
0.3225,3.925611471527534e-05
0.3226,4.308398634252515e-05
0.3227,4.68119351538485e-05
0.3228,5.043791027161708e-05
0.3229,5.396002922144957e-05
0.323,5.737621546333367e-05
0.3231,6.068336901419855e-05
0.3232,6.388084924745462e-05
0.3233,6.696716605795711e-05
0.3234,6.994097175663592e-05
0.3235,7.280106200735343e-05
0.3236,7.554637676377878e-05
0.3237,7.817600120624584e-05
0.3238,8.068865368601275e-05
0.3239,8.308367776961431e-05
0.324,8.536064221900529e-05
0.3241,8.751909790422314e-05
0.3242,8.955872916555293e-05
0.3243,9.147935382226007e-05
0.3244,9.328092318132234e-05
0.3245,9.496335186801791e-05
0.3246,9.652616217398106e-05
0.3247,9.797002481914258e-05
0.3248,9.929528299254264e-05
0.3249,0.0001005023939601457
0.325,0.0001015919279436291
0.3251,0.0001025645669991789
0.3252,0.0001034211038962783
0.3253,0.0001041622306137219
0.3254,0.0001047889473449614
0.3255,0.000105302387967042
0.3256,0.000105703726330623
0.3257,0.0001059942347248798
0.3258,0.0001061752823799709
0.3259,0.0001062483339695048
0.326,0.0001062149002213522
0.3261,0.0001060764447061457
0.3262,0.0001058347954649522
0.3263,0.0001054917452026117
0.3264,0.000105049169277099
0.3265,0.0001045090238941309
0.3266,0.0001038733443017705
0.3267,0.0001031442429850345
0.3268,0.0001023234131100837
0.3269,0.0001014130996568888
0.327,0.0001004156691022128
0.3271,9.933340715604009e-05
0.3272,9.816865222580162e-05
0.3273,9.692379273593245e-05
0.3274,9.56012644474295e-05
0.3275,9.420355566935301e-05
0.3276,9.273321839174941e-05
0.3277,9.119280070493517e-05
0.3278,8.958490710791905e-05
0.3279,8.791217688114743e-05
0.328,8.617728145522628e-05
0.3281,8.438292177963429e-05
0.3282,8.253182569144481e-05
0.3283,8.062625002502755e-05
0.3284,7.866896022725859e-05
0.3285,7.666277842746457e-05
0.3286,7.461039711969939e-05
0.3287,7.251450716778453e-05
0.3288,7.037779430784208e-05
0.3289,6.820293565082782e-05
0.329,6.599274355477472e-05
0.3291,6.375039716965516e-05
0.3292,6.147828300748066e-05
0.3293,5.917912102277512e-05
0.3294,5.685562040481857e-05
0.3295,5.45104769704986e-05
0.3296,5.214637055714928e-05
0.3297,4.976596241540271e-05
0.3298,4.737154265790774e-05
0.3299,4.496572745847573e-05
0.33,4.255112486278362e-05
0.3301,4.013021416717484e-05
0.3302,3.770543230715351e-05
0.3303,3.527917064496186e-05
0.3304,3.285377175715777e-05
0.3305,3.043176108522411e-05
0.3306,2.801618382089172e-05
0.3307,2.560884379179624e-05
0.3308,2.321203021268232e-05
0.3309,2.082799120059782e-05
0.331,1.845893193969486e-05
0.3311,1.610701284601752e-05
0.3312,1.377434773230297e-05
0.3313,1.146263398614487e-05
0.3314,9.173892571267621e-06
0.3315,6.910102943438468e-06
0.3316,4.673089275754983e-06
0.3317,2.464608789488764e-06
0.3318,2.863492893953745e-07
0.3319,-1.860073300981994e-06
0.332,-3.972845657042089e-06
0.3321,-6.049603778492946e-06
0.3322,-8.089377099070981e-06
0.3323,-1.0090666232557e-05
0.3324,-1.205202929358971e-05
0.3325,-1.397208281448677e-05
0.3326,-1.584950266206066e-05
0.3327,-1.768302495444508e-05
0.3328,-1.947181369540771e-05
0.3329,-2.121471659126169e-05
0.333,-2.291064222304369e-05
0.3331,-2.455866061738515e-05
0.3332,-2.615791765338237e-05
0.3333,-2.770763659990262e-05
0.3334,-2.920711965289495e-05
0.3335,-3.065545512890694e-05
0.3336,-3.205117245850299e-05
0.3337,-3.339425203368344e-05
0.3338,-3.468412095926188e-05
0.3339,-3.592026482597228e-05
0.334,-3.710222761802535e-05
0.3341,-3.822961162066154e-05
0.3342,-3.930207732771065e-05
0.3343,-4.031970329034416e-05
0.3344,-4.128224908066326e-05
0.3345,-4.218953824820248e-05
0.3346,-4.304154456857933e-05
0.3347,-4.383831026459129e-05
0.3348,-4.457994651621334e-05
0.3349,-4.52666339705983e-05
0.335,-4.589834410474616e-05
0.3351,-4.64745459891716e-05
0.3352,-4.699602609223728e-05
0.3353,-4.746305765870095e-05
0.3354,-4.787595999196984e-05
0.3355,-4.823509746063586e-05
0.3356,-4.854087850500989e-05
0.3357,-4.879375464365792e-05
0.3358,-4.899461899560003e-05
0.3359,-4.914398119916435e-05
0.336,-4.92424065703643e-05
0.3361,-4.929059843536154e-05
0.3362,-4.92893099858106e-05
0.3363,-4.923934394690442e-05
0.3364,-4.914155224541996e-05
0.3365,-4.899660161189827e-05
0.3366,-4.880475476023264e-05
0.3367,-4.856732753371988e-05
0.3368,-4.828520982867151e-05
0.3369,-4.795931788822081e-05
0.337,-4.759059274329094e-05
0.3371,-4.7179998653564e-05
0.3372,-4.672852154844818e-05
0.3373,-4.623759678501442e-05
0.3374,-4.570821556970406e-05
0.3375,-4.514141220733662e-05
0.3376,-4.453833887746793e-05
0.3377,-4.390017413604246e-05
0.3378,-4.322812205965223e-05
0.3379,-4.252341138979435e-05
0.338,-4.17871167668143e-05
0.3381,-4.102001192645678e-05
0.3382,-4.022362746141057e-05
0.3383,-3.939916698095252e-05
0.3384,-3.854783878369978e-05
0.3385,-3.76708540934676e-05
0.3386,-3.676942529512936e-05
0.3387,-3.584476417047187e-05
0.3388,-3.489851272267636e-05
0.3389,-3.393183619926648e-05
0.339,-3.294592952853332e-05
0.3391,-3.194207939632869e-05
0.3392,-3.092157553358598e-05
0.3393,-2.988570965334292e-05
0.3394,-2.883577438776184e-05
0.3395,-2.777295549257907e-05
0.3396,-2.669825472882502e-05
0.3397,-2.56130957700855e-05
0.3398,-2.451869686207547e-05
0.3399,-2.341626267395468e-05
0.34,-2.230698270425575e-05
0.3401,-2.119202968681539e-05
0.3402,-2.007255799669948e-05
0.3403,-1.894970205613429e-05
0.3404,-1.782457474043463e-05
0.3405,-1.669879195285275e-05
0.3406,-1.557335738337011e-05
0.3407,-1.444925436339705e-05
0.3408,-1.332758316850763e-05
0.3409,-1.22094252206129e-05
0.341,-1.109584204407325e-05
0.3411,-9.987874221813931e-06
0.3412,-8.886540351434383e-06
0.3413,-7.792836001323683e-06
0.3414,-6.707733371274973e-06
0.3415,-5.632181591504499e-06
0.3416,-4.567099219909065e-06
0.3417,-3.513379657330125e-06
0.3418,-2.471888100892382e-06
0.3419,-1.443460502354919e-06
0.342,-4.289025264623678e-07
0.3421,5.710114907011098e-07
0.3422,1.555539583363475e-06
0.3423,2.523973197710817e-06
0.3424,3.475258557237688e-06
0.3425,4.408747640206603e-06
0.3426,5.323927405829175e-06
0.3427,6.220172905706391e-06
0.3428,7.096891245448042e-06
0.3429,7.953522318739585e-06
0.343,8.789539541408941e-06
0.3431,9.604450585490977e-06
0.3432,1.039779811329664e-05
0.3433,1.116908683747416e-05
0.3434,1.191742809649767e-05
0.3435,1.264277420045057e-05
0.3436,1.334475728233077e-05
0.3437,1.402304174501747e-05
0.3438,1.467732469414814e-05
0.3439,1.530733637099753e-05
0.344,1.591284058535631e-05
0.3441,1.649363514840997e-05
0.3442,1.704955230561616e-05
0.3443,1.758011150299022e-05
0.3444,1.808512938418647e-05
0.3445,1.856467112807752e-05
0.3446,1.901864958976881e-05
0.3447,1.944700761699459e-05
0.3448,1.984971817830349e-05
0.3449,2.022678449124148e-05
0.345,2.057824015053616e-05
0.3451,2.090414925628094e-05
0.3452,2.120457640934598e-05
0.3453,2.147915471276107e-05
0.3454,2.172832459368706e-05
0.3455,2.195222331070526e-05
0.3456,2.21510137019113e-05
0.3457,2.23248840498107e-05
0.3458,2.247404794621552e-05
0.3459,2.259874415713987e-05
0.346,2.269923648769601e-05
0.3461,2.277581364699041e-05
0.3462,2.282853718586743e-05
0.3463,2.285761004458758e-05
0.3464,2.286352809574961e-05
0.3465,2.284662707243293e-05
0.3466,2.280726140372316e-05
0.3467,2.274580382354309e-05
0.3468,2.266264497948337e-05
0.3469,2.255819304163351e-05
0.347,2.243287331141266e-05
0.3471,2.22871278304004e-05
0.3472,2.212141498916799e-05
0.3473,2.193620913610866e-05
0.3474,2.173200018626883e-05
0.3475,2.150920639892254e-05
0.3476,2.126819157452511e-05
0.3477,2.100962239062947e-05
0.3478,2.073402797439755e-05
0.3479,2.044194925591321e-05
0.348,2.013393850272118e-05
0.3481,1.981055885436596e-05
0.3482,1.947238385693167e-05
0.3483,1.911999699758005e-05
0.3484,1.875399123909024e-05
0.3485,1.837496855439778e-05
0.3486,1.798353946113338e-05
0.3487,1.758032255616296e-05
0.3488,1.716583618177126e-05
0.3489,1.673988727048625e-05
0.349,1.63037143721713e-05
0.3491,1.58579094511859e-05
0.3492,1.540306547714906e-05
0.3493,1.493977577920742e-05
0.3494,1.446863340030589e-05
0.3495,1.399023045145703e-05
0.3496,1.350515746601035e-05
0.3497,1.301400275392311e-05
0.3498,1.251735175602824e-05
0.3499,1.201578639830511e-05
0.35,1.150988444614882e-05
0.3501,1.100021885863958e-05
0.3502,1.048725171964441e-05
0.3503,9.971605458746263e-06
0.3504,9.453836833603653e-06
0.3505,8.934486874284295e-06
0.3506,8.414088073815594e-06
0.3507,7.893163724896642e-06
0.3508,7.372227256607264e-06
0.3509,6.851781571120005e-06
0.351,6.332318380410639e-06
0.3511,5.814317542968704e-06
0.3512,5.298246400509453e-06
0.3513,4.784559114682947e-06
0.3514,4.273696003786008e-06
0.3515,3.766629982871279e-06
0.3516,3.263651202151457e-06
0.3517,2.765007162155112e-06
0.3518,2.271117351631277e-06
0.3519,1.782387374333873e-06
0.352,1.2992083981778e-06
0.3521,8.219566043950555e-07
0.3522,3.509926366921639e-07
0.3523,-1.133389495950365e-07
0.3524,-5.707102383439506e-07
0.3525,-1.020810503489123e-06
0.3526,-1.4633467598661e-06
0.3527,-1.898044314054077e-06
0.3528,-2.32389006670171e-06
0.3529,-2.740323741533293e-06
0.353,-3.147668715548351e-06
0.3531,-3.54564813934188e-06
0.3532,-3.933999723011249e-06
0.3533,-4.312476062710688e-06
0.3534,-4.680844967203577e-06
0.3535,-5.038889784415829e-06
0.3536,-5.386409727989255e-06
0.3537,-5.723220203833966e-06
0.3538,-6.049153136682697e-06
0.3539,-6.364057296643199e-06
0.354,-6.667798625751603e-06
0.3541,-6.960221373900381e-06
0.3542,-7.241151313619674e-06
0.3543,-7.510576006970176e-06
0.3544,-7.768426305208513e-06
0.3545,-8.014651293880436e-06
0.3546,-8.249218599510709e-06
0.3547,-8.472114696292326e-06
0.3548,-8.683345212777055e-06
0.3549,-8.882935238564648e-06
0.355,-9.070929630992717e-06
0.3551,-9.247393321826592e-06
0.3552,-9.412411623948664e-06
0.3553,-9.566090538048732e-06
0.3554,-9.708300751857672e-06
0.3555,-9.836834825792029e-06
0.3556,-9.95358242558835e-06
0.3557,-1.00585984779137e-05
0.3558,-1.015194894359603e-05
0.3559,-1.023371073196028e-05
0.356,-1.030397161516478e-05
0.3561,-1.036283014253766e-05
0.3562,-1.041039555491305e-05
0.3563,-1.044678769896767e-05
0.3564,-1.0472136941557e-05
0.3565,-1.04865840840517e-05
0.3566,-1.049028027667397e-05
0.3567,-1.048338693283388e-05
0.3568,-1.046641821093692e-05
0.3569,-1.043936500079815e-05
0.357,-1.040240581284296e-05
0.3571,-1.035576245137686e-05
0.3572,-1.029966814870888e-05
0.3573,-1.02343675338441e-05
0.3574,-1.01601166011758e-05
0.3575,-1.007718267917796e-05
0.3576,-9.98584439909759e-06
0.3577,-9.886391663647031e-06
0.3578,-9.779125615696549e-06
0.3579,-9.664358606966373e-06
0.358,-9.542414166719273e-06
0.3581,-9.411894305196073e-06
0.3582,-9.273454439714565e-06
0.3583,-9.127967272581934e-06
0.3584,-8.975666832336849e-06
0.3585,-8.816787511277901e-06
0.3586,-8.651563667999255e-06
0.3587,-8.480229229926262e-06
0.3588,-8.303017295851598e-06
0.3589,-8.120159738470405e-06
0.359,-7.931886806916413e-06
0.3591,-7.738426729297559e-06
0.3592,-7.540005315231625e-06
0.3593,-7.336845558382389e-06
0.3594,-7.129874476927512e-06
0.3595,-6.91966849108027e-06
0.3596,-6.705895940802363e-06
0.3597,-6.488842887373954e-06
0.3598,-6.268796877557268e-06
0.3599,-6.046046763719494e-06
0.36,-5.820882523956912e-06
0.3601,-5.593595082218405e-06
0.3602,-5.364476128428969e-06
0.3603,-5.133817938613865e-06
0.3604,-4.901913195021486e-06
0.3605,-4.669054806247509e-06
0.3606,-4.435535727358405e-06
0.3607,-4.201251071841115e-06
0.3608,-3.965635778095062e-06
0.3609,-3.729735993719191e-06
0.361,-3.493767119518239e-06
0.3611,-3.257937548977031e-06
0.3612,-3.022448273934134e-06
0.3613,-2.787492490256167e-06
0.3614,-2.553255203510808e-06
0.3615,-2.319912834641108e-06
0.3616,-2.087632825639143e-06
0.3617,-1.856573245219679e-06
0.3618,-1.626882394494474e-06
0.3619,-1.398698412645295e-06
0.362,-1.172289219874099e-06
0.3621,-9.49374131513826e-07
0.3622,-7.289027604509004e-07
0.3623,-5.110588717210319e-07
0.3624,-2.960214754225567e-07
0.3625,-8.396469133485452e-08
0.3626,1.249423864638467e-07
0.3627,3.305358249786563e-07
0.3628,5.326569876796378e-07
0.3629,7.311526698845678e-07
0.363,9.258752341405474e-07
0.3631,1.116682745606192e-06
0.3632,1.303439107433806e-06
0.3633,1.48601419615104e-06
0.3634,1.664696523827413e-06
0.3635,1.8391493303601e-06
0.3636,2.00923797213619e-06
0.3637,2.174882412755181e-06
0.3638,2.336011227183069e-06
0.3639,2.492561804085502e-06
0.364,2.644480548160022e-06
0.3641,2.791723082468757e-06
0.3642,2.934254450771113e-06
0.3643,3.072049319856061e-06
0.3644,3.205092181875225e-06
0.3645,3.333377556675163e-06
0.3646,3.45691019413006e-06
0.3647,3.574508814251544e-06
0.3648,3.686360760756726e-06
0.3649,3.792894700715012e-06
0.365,3.894063329242352e-06
0.3651,3.989823016117246e-06
0.3652,4.080133747970208e-06
0.3653,4.164959070472995e-06
0.3654,4.244266030528323e-06
0.3655,4.318025118459085e-06
0.3656,4.386210210197823e-06
0.3657,4.448798509476177e-06
0.3658,4.505770490014175e-06
0.3659,4.557109837709858e-06
0.366,4.603379276962188e-06
0.3661,4.644912664781161e-06
0.3662,4.681225530403706e-06
0.3663,4.712380054027582e-06
0.3664,4.73844666158803e-06
0.3665,4.759504151220139e-06
0.3666,4.775639819721306e-06
0.3667,4.78694958901367e-06
0.3668,4.793538132606558e-06
0.3669,4.795519002058934e-06
0.367,4.793014753441836e-06
0.3671,4.786157073800814e-06
0.3672,4.775086907618363e-06
0.3673,4.759443721733111e-06
0.3674,4.738153069499171e-06
0.3675,4.712443950009558e-06
0.3676,4.682391584023323e-06
0.3677,4.648072645546907e-06
0.3678,4.609565094145424e-06
0.3679,4.566948007253744e-06
0.368,4.520301412487761e-06
0.3681,4.469706119955573e-06
0.3682,4.415243554568652e-06
0.3683,4.356995588353162e-06
0.3684,4.295044372760965e-06
0.3685,4.229472170980956e-06
0.3686,4.160427976557031e-06
0.3687,4.08898255968827e-06
0.3688,4.014516647479811e-06
0.3689,3.937166712027286e-06
0.369,3.857073138322736e-06
0.3691,3.774380224254591e-06
0.3692,3.689236180607656e-06
0.3693,3.601793131063065e-06
0.3694,3.512207112198481e-06
0.3695,3.420638073487799e-06
0.3696,3.327249877301343e-06
0.3697,3.232210298905815e-06
0.3698,3.135691026464243e-06
0.3699,3.037867661036197e-06
0.37,2.937293561619462e-06
0.3701,2.835045460693493e-06
0.3702,2.731467749559083e-06
0.3703,2.626687398237923e-06
0.3704,2.520832390371079e-06
0.3705,2.414031723218645e-06
0.3706,2.306415407659968e-06
0.3707,2.198114468193599e-06
0.3708,2.089260942937224e-06
0.3709,1.979987883627913e-06
0.371,1.870429355621753e-06
0.3711,1.760720437894091e-06
0.3712,1.650997223039473e-06
0.3713,1.541007341637165e-06
0.3714,1.43094437836594e-06
0.3715,1.321100375922324e-06
0.3716,1.211594995745743e-06
0.3717,1.10254798039013e-06
0.3718,9.940791535238609e-07
0.3719,8.863084199299996e-07
0.372,7.793557655059333e-07
0.3721,6.733412572636152e-07
0.3722,5.683850433295042e-07
0.3723,4.646073529445066e-07
0.3724,3.621284964642074e-07
0.3725,2.610688653585235e-07
0.3726,1.610414689935273e-07
0.3727,6.185031162387542e-08
0.3728,-3.590207221764046e-08
0.3729,-1.32134185039698e-07
0.373,-2.267662501534686e-07
0.3731,-3.197202116724003e-07
0.3732,-4.109197345122714e-07
0.3733,-5.002902043912403e-07
0.3734,-5.877587278296482e-07
0.3735,-6.732541321503158e-07
0.3736,-7.567069654783454e-07
0.3737,-8.380494967411692e-07
0.3738,-9.172157156685945e-07
0.3739,-9.942474853002752e-07
0.374,-1.069358901560954e-06
0.3741,-1.142235387463077e-06
0.3742,-1.212832816009328e-06
0.3743,-1.281109476698917e-06
0.3744,-1.347026075527425e-06
0.3745,-1.410545734987034e-06
0.3746,-1.471633994066375e-06
0.3747,-1.530258808250564e-06
0.3748,-1.586390549521237e-06
0.3749,-1.640002006356421e-06
0.375,-1.691068383730723e-06
0.3751,-1.739567303115207e-06
0.3752,-1.785491412277661e-06
0.3753,-1.829075070511517e-06
0.3754,-1.870113883434511e-06
0.3755,-1.908604003782725e-06
0.3756,-1.944544415873821e-06
0.3757,-1.977936935607066e-06
0.3758,-2.008786210463349e-06
0.3759,-2.037099719505112e-06
0.376,-2.062887773376458e-06
0.3761,-2.086163514303075e-06
0.3762,-2.106942916092258e-06
0.3763,-2.125244784132915e-06
0.3764,-2.141090755395529e-06
0.3765,-2.154505298432223e-06
0.3766,-2.165485258380964e-06
0.3767,-2.174075244846602e-06
0.3768,-2.180311095775277e-06
0.3769,-2.184226690500944e-06
0.377,-2.185858588474376e-06
0.3771,-2.18524602408592e-06
0.3772,-2.182430901488271e-06
0.3773,-2.177457789419242e-06
0.3774,-2.170373916024548e-06
0.3775,-2.161229163680559e-06
0.3776,-2.15007606381708e-06
0.3777,-2.136969791740124e-06
0.3778,-2.121968161454672e-06
0.3779,-2.104911545879832e-06
0.378,-2.085871915484205e-06
0.3781,-2.065001334894589e-06
0.3782,-2.042349636699055e-06
0.3783,-2.017967791630199e-06
0.3784,-1.991907852629069e-06
0.3785,-1.96422289890896e-06
0.3786,-1.934966980019331e-06
0.3787,-1.90419505990967e-06
0.3788,-1.871962960993343e-06
0.3789,-1.838327308211543e-06
0.379,-1.80334547309705e-06
0.3791,-1.767075517838176e-06
0.3792,-1.729609408668024e-06
0.3793,-1.691032837574784e-06
0.3794,-1.651373538042438e-06
0.3795,-1.610695920039637e-06
0.3796,-1.56906513814423e-06
0.3797,-1.526547047172022e-06
0.3798,-1.483208157805526e-06
0.3799,-1.439115592222841e-06
0.38,-1.394337039726279e-06
0.3801,-1.348940712371246e-06
0.3802,-1.302995300594989e-06
0.3803,-1.256569928845352e-06
0.3804,-1.209734111209656e-06
0.3805,-1.162458186073618e-06
0.3806,-1.114508587354062e-06
0.3807,-1.066205438124265e-06
0.3808,-1.017596018346007e-06
0.3809,-9.68725878999605e-07
0.381,-9.196387314969732e-07
0.3811,-8.70376337094943e-07
0.3812,-8.20978396308455e-07
0.3813,-7.714824383237761e-07
0.3814,-7.219237104116874e-07
0.3815,-6.723350673408119e-07
0.3816,-6.22746860790667e-07
0.3817,-5.731868287649894e-07
0.3818,-5.237004860347851e-07
0.3819,-4.749623929333897e-07
0.382,-4.265367882168607e-07
0.3821,-3.784734372767477e-07
0.3822,-3.308216926180984e-07
0.3823,-2.836304800923968e-07
0.3824,-2.369482851305048e-07
0.3825,-1.908231389757322e-07
0.3826,-1.453026049166478e-07
0.3827,-1.004337645201502e-07
0.3828,-5.626320386440817e-08
0.3829,-1.283699977180362e-08
0.383,2.97992939580057e-08
0.3831,7.160066031526419e-08
0.3832,1.12976475610212e-07
0.3833,1.536804760553908e-07
0.3834,1.936173212773194e-07
0.3835,2.327734729052105e-07
0.3836,2.71138308375615e-07
0.3837,3.087042137118373e-07
0.3838,3.454666763034617e-07
0.3839,3.814243776858761e-07
0.384,4.16579286319697e-07
0.3841,4.509367503703931e-07
0.3842,4.845055904877096e-07
0.3843,5.172981925851923e-07
0.3844,5.493306006197088e-07
0.3845,5.799957907185847e-07
0.3846,6.0931058004508e-07
0.3847,6.375705554095456e-07
0.3848,6.6475311138191e-07
0.3849,6.908354363284756e-07
0.385,7.15794456123093e-07
0.3851,7.396067778584792e-07
0.3852,7.622486335573892e-07
0.3853,7.836958238838617e-07
0.3854,8.039236618544616e-07
0.3855,8.229069165494666e-07
0.3856,8.406197568241644e-07
0.3857,8.570356950200389e-07
0.3858,8.724772524123681e-07
0.3859,8.872328769954272e-07
0.386,9.009101958708086e-07
0.3861,9.135249848742081e-07
0.3862,9.250957437009946e-07
0.3863,9.356437666267611e-07
0.3864,9.451932132278759e-07
0.3865,9.537711791020061e-07
0.3866,9.614077665886947e-07
0.3867,9.681361554898822e-07
0.3868,9.739926737904589e-07
0.3869,9.790168683788099e-07
0.387,9.832515757673513e-07
0.3871,9.865287802871831e-07
0.3872,9.881598054348397e-07
0.3873,9.887931169312818e-07
0.3874,9.884310365311719e-07
0.3875,9.870751080662938e-07
0.3876,9.847260137291582e-07
0.3877,9.81383490356609e-07
0.3878,9.770462457134324e-07
0.3879,9.717118747759589e-07
0.388,9.65376776015683e-07
0.3881,9.580360676828547e-07
0.3882,9.496835040900949e-07
0.3883,9.403113918960015e-07
0.3884,9.299248026462016e-07
0.3885,9.194668096405514e-07
0.3886,9.082499271488311e-07
0.3887,8.963012773439172e-07
0.3888,8.836490792669909e-07
0.3889,8.703226488275295e-07
0.389,8.563523988033375e-07
0.3891,8.417698388405017e-07
0.3892,8.266075754534201e-07
0.3893,8.108993120247952e-07
0.3894,7.946798488056245e-07
0.3895,7.779850829152373e-07
0.3896,7.608520083412401e-07
0.3897,7.433187159395524e-07
0.3898,7.250432362239937e-07
0.3899,7.062421081689824e-07
0.39,6.870176322599418e-07
0.3901,6.673961572887477e-07
0.3902,6.474043996879496e-07
0.3903,6.270694435307608e-07
0.3904,6.064187405310463e-07
0.3905,5.854801100433688e-07
0.3906,5.642817390629207e-07
0.3907,5.428521822255688e-07
0.3908,5.212203618078431e-07
0.3909,4.994155677269255e-07
0.391,4.774674575406978e-07
0.3911,4.553206131569973e-07
0.3912,4.330046719438402e-07
0.3913,4.105933371581741e-07
0.3914,3.881128269222174e-07
0.3915,3.655895029525952e-07
0.3916,3.430498705602648e-07
0.3917,3.205205786505652e-07
0.3918,2.980284197232052e-07
0.3919,2.756003298722504e-07
0.392,2.532633887861735e-07
0.3921,2.310448197477789e-07
0.3922,2.089719896342533e-07
0.3923,1.870724089171528e-07
0.3924,1.65280173660142e-07
0.3925,1.435341114437527e-07
0.3926,1.219732552464699e-07
0.3927,1.006174718054577e-07
0.3928,7.948639293894209e-08
0.3929,5.859941554620007e-08
0.393,3.797570160760528e-08
0.3931,1.763417818455881e-08
0.3932,-2.406462580464466e-09
0.3933,-2.212776346392742e-08
0.3934,-4.151150216124146e-08
0.3935,-6.053969128672362e-08
0.3936,-7.919457837366113e-08
0.3937,-9.748172402703284e-08
0.3938,-1.154711397823693e-07
0.3939,-1.330708933799982e-07
0.394,-1.502683105276709e-07
0.3941,-1.670511442687568e-07
0.3942,-1.83407574982301e-07
0.3943,-1.993262103829852e-07
0.3944,-2.14796085521138e-07
0.3945,-2.29806662782743e-07
0.3946,-2.443478318894052e-07
0.3947,-2.584099098984019e-07
0.3948,-2.71983641202648e-07
0.3949,-2.850601975307057e-07
0.395,-2.976311779467902e-07
0.3951,-3.101006785706926e-07
0.3952,-3.221243301091776e-07
0.3953,-3.336962746115865e-07
0.3954,-3.448109849862693e-07
0.3955,-3.55462934141582e-07
0.3956,-3.656465949858625e-07
0.3957,-3.75356440427467e-07
0.3958,-3.845869433747456e-07
0.3959,-3.933325767360485e-07
0.396,-4.015878134197298e-07
0.3961,-4.093471263341307e-07
0.3962,-4.166049883876059e-07
0.3963,-4.233558724885053e-07
0.3964,-4.295942515451791e-07
0.3965,-4.353145984659804e-07
0.3966,-4.405113861592527e-07
0.3967,-4.451790875333495e-07
0.3968,-4.493121754966209e-07
0.3969,-4.529051229574168e-07
0.397,-4.55952402824089e-07
0.3971,-4.584484880049839e-07
0.3972,-4.607524807360772e-07
0.3973,-4.628145461776348e-07
0.3974,-4.644048629015305e-07
0.3975,-4.655226421586487e-07
0.3976,-4.661670951998723e-07
0.3977,-4.663374332760862e-07
0.3978,-4.660328676381742e-07
0.3979,-4.652526095370205e-07
0.398,-4.639958702235081e-07
0.3981,-4.622618609485227e-07
0.3982,-4.600497929629475e-07
0.3983,-4.573588775176668e-07
0.3984,-4.541883258635645e-07
0.3985,-4.505373492515223e-07
0.3986,-4.464051589324286e-07
0.3987,-4.417909661571654e-07
0.3988,-4.366939821766167e-07
0.3989,-4.311134182416665e-07
0.399,-4.250484856031954e-07
0.3991,-4.188045818074954e-07
0.3992,-4.127802634209995e-07
0.3993,-4.064152810932506e-07
0.3994,-3.997157007682155e-07
0.3995,-3.926875883898573e-07
0.3996,-3.853370099021505e-07
0.3997,-3.776700312490581e-07
0.3998,-3.696927183745473e-07
0.3999,-3.614111372225846e-07
0.4,-3.528313537371324e-07
0.4001,-3.43959433862167e-07
0.4002,-3.348014435416506e-07
0.4003,-3.253634487195501e-07
0.4004,-3.156515153398324e-07
0.4005,-3.056717093464587e-07
0.4006,-2.954300966834071e-07
0.4007,-2.84932743294639e-07
0.4008,-2.741857151241212e-07
0.4009,-2.631950781158207e-07
0.401,-2.520187877443973e-07
0.4011,-2.413522392004574e-07
0.4012,-2.305798381456599e-07
0.4013,-2.197135303780756e-07
0.4014,-2.087652616957749e-07
0.4015,-1.977469778968223e-07
0.4016,-1.866706247793008e-07
0.4017,-1.755481481412746e-07
0.4018,-1.643914937808145e-07
0.4019,-1.53212607495991e-07
0.402,-1.420234350848684e-07
0.4021,-1.308359223455299e-07
0.4022,-1.196620150760396e-07
0.4023,-1.085136590744683e-07
0.4024,-9.740280013888657e-08
0.4025,-8.634138406735876e-08
0.4026,-7.534135665796779e-08
0.4027,-6.441466370877807e-08
0.4028,-5.35732510178602e-08
0.4029,-4.282906438328474e-08
0.403,-3.209234153005577e-08
0.4031,-2.143521114273244e-08
0.4032,-1.089099456175944e-08
0.4033,-4.706813095960498e-10
0.4034,9.814739091298537e-09
0.4035,1.995427711847061e-08
0.4036,2.993694324944966e-08
0.4037,3.97517479617821e-08
0.4038,4.938770173300869e-08
0.4039,5.883381504067012e-08
0.404,6.807909836231225e-08
0.4041,7.711256217546557e-08
0.4042,8.592321695767597e-08
0.4043,9.450007318648421e-08
0.4044,1.02832141339431e-07
0.4045,1.109084318940616e-07
0.4046,1.187179553279077e-07
0.4047,1.262497221185146e-07
0.4048,1.33492742743423e-07
0.4049,1.407080087897645e-07
0.405,1.478985685413544e-07
0.4051,1.548478144431036e-07
0.4052,1.615486208510933e-07
0.4053,1.679938621214001e-07
0.4054,1.741764126101013e-07
0.4055,1.800891466732769e-07
0.4056,1.857249386669971e-07
0.4057,1.910766629473425e-07
0.4058,1.961371938703898e-07
0.4059,2.008994057922161e-07
0.406,2.053561730689007e-07
0.4061,2.095003700565154e-07
0.4062,2.1332487111114e-07
0.4063,2.168225505888512e-07
0.4064,2.19986282845726e-07
0.4065,2.228089422378414e-07
0.4066,2.252834031212756e-07
0.4067,2.274025398521027e-07
0.4068,2.293090363404171e-07
0.4069,2.312910796407604e-07
0.407,2.330054418185183e-07
0.4071,2.344538423443201e-07
0.4072,2.35638289019054e-07
0.4073,2.365610779738728e-07
0.4074,2.372247936701904e-07
0.4075,2.376323088996825e-07
0.4076,2.377867847842867e-07
0.4077,2.376916707762023e-07
0.4078,2.373507046578907e-07
0.4079,2.367679125420753e-07
0.408,2.35947608871741e-07
0.4081,2.348943964201343e-07
0.4082,2.33613166290765e-07
0.4083,2.321090979174036e-07
0.4084,2.303876590640825e-07
0.4085,2.284546058250962e-07
0.4086,2.263159826249999e-07
0.4087,2.239770197036005e-07
0.4088,2.213872994337926e-07
0.4089,2.186007334461644e-07
0.409,2.156236043847531e-07
0.4091,2.12462453136085e-07
0.4092,2.091240788291819e-07
0.4093,2.056155388355509e-07
0.4094,2.019441487691914e-07
0.4095,1.981174824865933e-07
0.4096,1.941433720867345e-07
0.4097,1.900299079110905e-07
0.4098,1.857854385436203e-07
0.4099,1.814185708107758e-07
0.41,1.769381697814993e-07
0.4101,1.723533587672211e-07
0.4102,1.676735193218696e-07
0.4103,1.629082912418561e-07
0.4104,1.580675725660849e-07
0.4105,1.531615195759509e-07
0.4106,1.482005467953365e-07
0.4107,1.430257415659904e-07
0.4108,1.377260369229729e-07
0.4109,1.323584190937106e-07
0.411,1.269307020520118e-07
0.4111,1.214508413749247e-07
0.4112,1.1592693424275e-07
0.4113,1.103672194390224e-07
0.4114,1.047800773505226e-07
0.4115,9.91740299672745e-08
0.4116,9.355774088254196e-08
0.4117,8.794001529284139e-08
0.4118,8.23297999979229e-08
0.4119,7.673618340078281e-08
0.412,7.116839550766064e-08
0.4121,6.563580792803589e-08
0.4122,6.014793387464046e-08
0.4123,5.471442816344008e-08
0.4124,4.93450872136467e-08
0.4125,4.404984904771537e-08
0.4126,3.869882323363697e-08
0.4127,3.325894839922822e-08
0.4128,2.786578971464697e-08
0.4129,2.252518847745956e-08
0.413,1.724297662488584e-08
0.4131,1.202497673379632e-08
0.4132,6.877002020723607e-09
0.4133,1.804856341845176e-09
0.4134,-3.185665807005112e-09
0.4135,-8.088779290339892e-09
0.4136,-1.289870833302092e-08
0.4137,-1.760968652024848e-08
0.4138,-2.221595679757737e-08
0.4139,-2.671177147090623e-08
0.414,-3.109139220648015e-08
0.4141,-3.534909003089306e-08
0.4142,-3.947914533107835e-08
0.4143,-4.347584785432298e-08
0.4144,-4.733349670825808e-08
0.4145,-5.109245372658161e-08
0.4146,-5.487659915693937e-08
0.4147,-5.854546317870099e-08
0.4148,-6.209670200530634e-08
0.4149,-6.552808960231931e-08
0.415,-6.883751768742995e-08
0.4151,-7.20229957304562e-08
0.4152,-7.508265095333685e-08
0.4153,-7.80147283301422e-08
0.4154,-8.081759058706686e-08
0.4155,-8.348971820243165e-08
0.4156,-8.602970940668483e-08
0.4157,-8.843628018239668e-08
0.4158,-9.070826426426786e-08
0.4159,-9.284461313912373e-08
0.416,-9.484439604591581e-08
0.4161,-9.670679997572273e-08
0.4162,-9.84311296717463e-08
0.4163,-1.000168076293175e-07
0.4164,-1.014633740958924e-07
0.4165,-1.028304499702199e-07
0.4166,-1.040711892372803e-07
0.4167,-1.051847544738864e-07
0.4168,-1.0617214799862e-07
0.4169,-1.070345214810104e-07
0.417,-1.077731759415354e-07
0.4171,-1.083895617516214e-07
0.4172,-1.088852786336421e-07
0.4173,-1.092620756609208e-07
0.4174,-1.095218512577286e-07
0.4175,-1.096666531992852e-07
0.4176,-1.096986786117583e-07
0.4177,-1.096202739722642e-07
0.4178,-1.094339351088677e-07
0.4179,-1.091423072005817e-07
0.418,-1.087481847773674e-07
0.4181,-1.082545117201344e-07
0.4182,-1.076643812607413e-07
0.4183,-1.069810359819943e-07
0.4184,-1.061757892913962e-07
0.4185,-1.05262523765656e-07
0.4186,-1.04255786433385e-07
0.4187,-1.031582919001939e-07
0.4188,-1.019728411559276e-07
0.4189,-1.00702320047558e-07
0.419,-9.934969775207289e-08
0.4191,-9.791802524936653e-08
0.4192,-9.641043379512845e-08
0.4193,-9.483013339373705e-08
0.4194,-9.318041127114462e-08
0.4195,-9.146463034777067e-08
0.4196,-8.9686227711391e-08
0.4197,-8.784871309002699e-08
0.4198,-8.595566732483944e-08
0.4199,-8.40107408430128e-08
0.42,-8.201765213064894e-08
0.4201,-7.998018620565639e-08
0.4202,-7.790219309063923e-08
0.4203,-7.576848357840336e-08
0.4204,-7.357143665144789e-08
0.4205,-7.133546846913398e-08
0.4206,-6.906359366255466e-08
0.4207,-6.675882329987632e-08
0.4208,-6.442416187199663e-08
0.4209,-6.206260427818968e-08
0.421,-5.967713281176393e-08
0.4211,-5.727071414571376e-08
0.4212,-5.484629631837101e-08
0.4213,-5.240680571906314e-08
0.4214,-4.995514407375803e-08
0.4215,-4.749418543072213e-08
0.4216,-4.502677314617205e-08
0.4217,-4.255571686992591e-08
0.4218,-4.008378953106175e-08
0.4219,-3.761372432356206e-08
0.422,-3.514821169197219e-08
0.4221,-3.268989631705171e-08
0.4222,-3.02397491035844e-08
0.4223,-2.779346572633393e-08
0.4224,-2.535986265508117e-08
0.4225,-2.294114395335867e-08
0.4226,-2.053943991374574e-08
0.4227,-1.815680372575353e-08
0.4228,-1.579520814371669e-08
0.4229,-1.345654215467176e-08
0.423,-1.114260764624888e-08
0.4231,-8.855116074556782e-09
0.4232,-6.595685132067956e-09
0.4233,-4.365835415510008e-09
0.4234,-2.166987093744489e-09
0.4235,-4.565756583033262e-13
0.4236,2.132546821951187e-09
0.4237,4.23092420649095e-09
0.4238,6.29369044168127e-09
0.4239,8.31997747967638e-09
0.424,1.030903769317341e-08
0.4241,1.226024720752718e-08
0.4242,1.414424761375569e-08
0.4243,1.598046815659232e-08
0.4244,1.777021910406086e-08
0.4245,1.951263421002393e-08
0.4246,2.120694480135883e-08
0.4247,2.285248207640114e-08
0.4248,2.444867940338388e-08
0.4249,2.599507461888568e-08
0.425,2.749131232626986e-08
0.4251,2.893714619412808e-08
0.4252,3.033244125472384e-08
0.4253,3.167717620243218e-08
0.4254,3.297144569218698e-08
0.4255,3.421546263792065e-08
0.4256,3.540956051100763e-08
0.4257,3.655419563870773e-08
0.4258,3.764994950260636e-08
0.4259,3.86975310370611e-08
0.426,3.969777892764182e-08
0.4261,4.062133494996632e-08
0.4262,4.147541035673235e-08
0.4263,4.227438874650566e-08
0.4264,4.301850209037477e-08
0.4265,4.37080592303624e-08
0.4266,4.434344661475074e-08
0.4267,4.492512903340649e-08
0.4268,4.545365035310438e-08
0.4269,4.592963425285384e-08
0.427,4.635378495922244e-08
0.4271,4.6726887981661e-08
0.4272,4.704981084782853e-08
0.4273,4.732350383891624e-08
0.4274,4.754900072497343e-08
0.4275,4.772741950023147e-08
0.4276,4.785996311842876e-08
0.4277,4.794792022813554e-08
0.4278,4.799266590807843e-08
0.4279,4.799566240246555e-08
0.428,4.794457924816679e-08
0.4281,4.782818060624027e-08
0.4282,4.766648953682669e-08
0.4283,4.746043664285034e-08
0.4284,4.72109932161641e-08
0.4285,4.691917074721949e-08
0.4286,4.658602043473614e-08
0.4287,4.621263269537116e-08
0.4288,4.580013667338968e-08
0.4289,4.534969975033318e-08
0.429,4.48625270546899e-08
0.4291,4.433986097156431e-08
0.4292,4.378298065234632e-08
0.4293,4.319320152438225e-08
0.4294,4.257187480064253e-08
0.4295,4.192038698939257e-08
0.4296,4.124015940386199e-08
0.4297,4.053264767191393e-08
0.4298,3.979934124571624e-08
0.4299,3.903945601064909e-08
0.43,3.8239420137663e-08
0.4301,3.741403922670666e-08
0.4302,3.65644852583317e-08
0.4303,3.569193607069062e-08
0.4304,3.479757424163305e-08
0.4305,3.388258597080656e-08
0.4306,3.29481599617552e-08
0.4307,3.199548630401794e-08
0.4308,3.102575535522975e-08
0.4309,3.00401566232175e-08
0.431,2.903987764810094e-08
0.4311,2.802610288439126e-08
0.4312,2.700001258308942e-08
0.4313,2.596278167378746e-08
0.4314,2.491557864676409e-08
0.4315,2.385956443508588e-08
0.4316,2.279589129670574e-08
0.4317,2.172570169656188e-08
0.4318,2.065012718867619e-08
0.4319,1.957028729825563e-08
0.432,1.848728840378761e-08
0.4321,1.740222261914139e-08
0.4322,1.631616667566646e-08
0.4323,1.52301808042909e-08
0.4324,1.41453076176228e-08
0.4325,1.30625709920456e-08
0.4326,1.198297494981955e-08
0.4327,1.090750254118e-08
0.4328,9.837114726435849e-09
0.4329,8.772749258070919e-09
0.433,7.715319562839324e-09
0.4331,6.665713623866864e-09
0.4332,5.624792862749408e-09
0.4333,4.593391021651315e-09
0.4334,3.57231304540669e-09
0.4335,2.562333963614947e-09
0.4336,1.564197772742078e-09
0.4337,5.786163182190718e-10
0.4338,-4.223431568145771e-10
0.4339,-1.429479019637349e-09
0.434,-2.423714457405192e-09
0.4341,-3.404150100330975e-09
0.4342,-4.369889162075292e-09
0.4343,-5.32003743974697e-09
0.4344,-6.253703313900967e-09
0.4345,-7.169997748541537e-09
0.4346,-8.068034291120123e-09
0.4347,-8.946929072535878e-09
0.4348,-9.805800807136131e-09
0.4349,-1.064377079271451e-08
0.435,-1.145996291051379e-08
0.4351,-1.225350362522396e-08
0.4352,-1.302352198498273e-08
0.4353,-1.376914962137595e-08
0.4354,-1.448952074943593e-08
0.4355,-1.518377216764391e-08
0.4356,-1.58510432579285e-08
0.4357,-1.649047598566593e-08
0.4358,-1.710121489968055e-08
0.4359,-1.768240713224336e-08
0.436,-1.823320239907413e-08
0.4361,-1.875275299933999e-08
0.4362,-1.924021381565576e-08
0.4363,-1.969474231408425e-08
0.4364,-2.01154985441352e-08
0.4365,-2.050164513876686e-08
0.4366,-2.08523473143849e-08
0.4367,-2.116677287084274e-08
0.4368,-2.144409219144162e-08
0.4369,-2.168347824293005e-08
0.437,-2.188410657550474e-08
0.4371,-2.204515532280994e-08
0.4372,-2.21658052019376e-08
0.4373,-2.224523951342744e-08
0.4374,-2.228264414126674e-08
0.4375,-2.227720755289067e-08
0.4376,-2.224253220559893e-08
0.4377,-2.233623571830619e-08
0.4378,-2.24029920702765e-08
0.4379,-2.244281036658439e-08
0.438,-2.245571714917632e-08
0.4381,-2.244175639687055e-08
0.4382,-2.240098952535714e-08
0.4383,-2.233349538719794e-08
0.4384,-2.223937027182675e-08
0.4385,-2.211872790554909e-08
0.4386,-2.19716994515423e-08
0.4387,-2.179843350985558e-08
0.4388,-2.159909611740982e-08
0.4389,-2.137387074799808e-08
0.439,-2.112295831228491e-08
0.4391,-2.08465771578068e-08
0.4392,-2.054496306897204e-08
0.4393,-2.021836926706058e-08
0.4394,-1.986706641022472e-08
0.4395,-1.949134259348807e-08
0.4396,-1.909150334874622e-08
0.4397,-1.86678716447666e-08
0.4398,-1.822078788718819e-08
0.4399,-1.775060991852254e-08
0.44,-1.725771301815233e-08
0.4401,-1.674248990233224e-08
0.4402,-1.620535072418883e-08
0.4403,-1.564672307372013e-08
0.4404,-1.506705197779696e-08
0.4405,-1.446679990016099e-08
0.4406,-1.384644674142609e-08
0.4407,-1.320648983907787e-08
0.4408,-1.254744396747347e-08
0.4409,-1.18698413378429e-08
0.441,-1.117423159828693e-08
0.4411,-1.04611818337785e-08
0.4412,-9.731276566162389e-09
0.4413,-8.985117754154759e-09
0.4414,-8.223324793344857e-09
0.4415,-7.539430189872292e-09
0.4416,-6.921939807082788e-09
0.4417,-6.299006300451403e-09
0.4418,-5.671112168301774e-09
0.4419,-5.038739908958588e-09
0.442,-4.402372020745488e-09
0.4421,-3.762491001986459e-09
0.4422,-3.119579351005487e-09
0.4423,-2.474119566126207e-09
0.4424,-1.826594145673322e-09
0.4425,-1.177485587970464e-09
0.4426,-5.272763913416153e-10
0.4427,1.235509458892281e-10
0.4428,7.745139253984441e-10
0.4429,1.425130048861321e-09
0.443,2.074916817954229e-09
0.4431,2.723391734353184e-09
0.4432,3.370072299734193e-09
0.4433,4.014476015773629e-09
0.4434,4.656120384146788e-09
0.4435,5.294522906530039e-09
0.4436,5.929201084599393e-09
0.4437,6.55967242003086e-09
0.4438,7.185454414500458e-09
0.4439,7.806064569684538e-09
0.444,8.421020387258421e-09
0.4441,9.029839368898466e-09
0.4442,9.632039016280687e-09
0.4443,1.022713683108109e-08
0.4444,1.081465031497602e-08
0.4445,1.139409696964083e-08
0.4446,1.196499429675186e-08
0.4447,1.252685979798512e-08
0.4448,1.307921097501662e-08
0.4449,1.362156532952268e-08
0.445,1.415344036317871e-08
0.4451,1.467435357766101e-08
0.4452,1.518382247464561e-08
0.4453,1.568196454762211e-08
0.4454,1.618747651448905e-08
0.4455,1.66816608614674e-08
0.4456,1.716407463410553e-08
0.4457,1.763427487795153e-08
0.4458,1.80918186385535e-08
0.4459,1.853626296145977e-08
0.446,1.896716489221792e-08
0.4461,1.938408147637632e-08
0.4462,1.978656975948303e-08
0.4463,2.017418678708617e-08
0.4464,2.0546489604734e-08
0.4465,2.090303525797423e-08
0.4466,2.124338079235514e-08
0.4467,2.156708325342482e-08
0.4468,2.187369968673137e-08
0.4469,2.216278713782303e-08
0.447,2.243390265224757e-08
0.4471,2.268660327555325e-08
0.4472,2.292044605328815e-08
0.4473,2.313498803100037e-08
0.4474,2.33297862542381e-08
0.4475,2.350439776854921e-08
0.4476,2.365837961948191e-08
0.4477,2.379128885258429e-08
0.4478,2.390268251340444e-08
0.4479,2.399211764749049e-08
0.448,2.405915130039043e-08
0.4481,2.410334051765241e-08
0.4482,2.412424234482451e-08
0.4483,2.412141382745484e-08
0.4484,2.409441201109146e-08
0.4485,2.404279394128247e-08
0.4486,2.396611666357598e-08
0.4487,2.386393722352007e-08
0.4488,2.373581266666283e-08
0.4489,2.358130003855226e-08
0.449,2.339995638473662e-08
0.4491,2.319133875076391e-08
0.4492,2.294451972412037e-08
0.4493,2.268053056508915e-08
0.4494,2.241654140605778e-08
0.4495,2.215255224702656e-08
0.4496,2.188856308799533e-08
0.4497,2.162457392896411e-08
0.4498,2.136058476993289e-08
0.4499,2.109659561090152e-08
0.45,2.083260645187029e-08
0.4501,2.056861729283907e-08
0.4502,2.030462813380785e-08
0.4503,2.004063897477662e-08
0.4504,1.977664981574526e-08
0.4505,1.951266065671403e-08
0.4506,1.924867149768281e-08
0.4507,1.898468233865159e-08
0.4508,1.872069317962036e-08
0.4509,1.845670402058899e-08
0.451,1.819271486155777e-08
0.4511,1.792872570252655e-08
0.4512,1.766473654349532e-08
0.4513,1.74007473844641e-08
0.4514,1.713675822543273e-08
0.4515,1.687276906640151e-08
0.4516,1.660877990737029e-08
0.4517,1.634479074833906e-08
0.4518,1.608080158930784e-08
0.4519,1.581681243027647e-08
0.452,1.555282327124525e-08
0.4521,1.528883411221402e-08
0.4522,1.50248449531828e-08
0.4523,1.476085579415158e-08
0.4524,1.449686663512021e-08
0.4525,1.423287747608898e-08
0.4526,1.396888831705776e-08
0.4527,1.370489915802654e-08
0.4528,1.344090999899532e-08
0.4529,1.317692083996394e-08
0.453,1.291293168093272e-08
0.4531,1.26489425219015e-08
0.4532,1.238495336287028e-08
0.4533,1.212096420383905e-08
0.4534,1.185697504480768e-08
0.4535,1.159298588577646e-08
0.4536,1.132899672674524e-08
0.4537,1.106500756771401e-08
0.4538,1.080101840868279e-08
0.4539,1.053702924965142e-08
0.454,1.02730400906202e-08
0.4541,1.000905093158897e-08
0.4542,9.745061772557751e-09
0.4543,9.481072613526528e-09
0.4544,9.217083454495158e-09
0.4545,8.953094295463936e-09
0.4546,8.689105136432711e-09
0.4547,8.42511597740149e-09
0.4548,8.161126818370265e-09
0.4549,7.897137659338897e-09
0.455,7.633148500307674e-09
0.4551,7.36915934127645e-09
0.4552,7.105170182245228e-09
0.4553,6.841181023214005e-09
0.4554,6.577191864182634e-09
0.4555,6.313202705151411e-09
0.4556,6.049213546120188e-09
0.4557,5.785224387088965e-09
0.4558,5.521235228057742e-09
0.4559,5.257246069026373e-09
0.456,4.993256909995149e-09
0.4561,4.757328158436746e-09
0.4562,4.668777968041635e-09
0.4563,4.580227777646524e-09
0.4564,4.491677587251412e-09
0.4565,4.403127396856251e-09
0.4566,4.31457720646114e-09
0.4567,4.226027016066028e-09
0.4568,4.137476825670917e-09
0.4569,4.048926635275806e-09
0.457,3.960376444880645e-09
0.4571,3.871826254485533e-09
0.4572,3.783276064090421e-09
0.4573,3.69472587369531e-09
0.4574,3.606175683300199e-09
0.4575,3.517625492905038e-09
0.4576,3.429075302509926e-09
0.4577,3.340525112114815e-09
0.4578,3.251974921719704e-09
0.4579,3.163424731324592e-09
0.458,3.074874540929431e-09
0.4581,2.98632435053432e-09
0.4582,2.897774160139209e-09
0.4583,2.809223969744097e-09
0.4584,2.720673779348986e-09
0.4585,2.632123588953825e-09
0.4586,2.543573398558714e-09
0.4587,2.455023208163602e-09
0.4588,2.366473017768491e-09
0.4589,2.277922827373379e-09
0.459,2.189372636978218e-09
0.4591,2.100822446583107e-09
0.4592,2.012272256187996e-09
0.4593,1.923722065792885e-09
0.4594,1.835171875397772e-09
0.4595,1.746621685002612e-09
0.4596,1.658071494607501e-09
0.4597,1.569521304212389e-09
0.4598,1.480971113817278e-09
0.4599,1.392420923422166e-09
0.46,1.303870733027006e-09
0.4601,1.215320542631894e-09
0.4602,1.126770352236782e-09
0.4603,1.038220161841671e-09
0.4604,9.496699714465596e-10
0.4605,8.61119781051399e-10
0.4606,7.725695906562876e-10
0.4607,6.840194002611762e-10
0.4608,5.954692098660644e-10
0.4609,5.06919019470953e-10
0.461,4.183688290757922e-10
0.4611,3.29818638680681e-10
0.4612,2.412684482855696e-10
0.4613,1.527182578904578e-10
0.4614,6.416806749534641e-11
0.4615,-2.43821228998142e-11
0.4616,-1.129323132949258e-10
0.4617,-2.01482503690037e-10
0.4618,-2.900326940851486e-10
0.4619,-3.785828844802602e-10
0.462,-4.671330748754207e-10
0.4621,-5.556832652705322e-10
0.4622,-6.442334556656437e-10
0.4623,-7.327836460607551e-10
0.4624,-8.213338364558666e-10
0.4625,-9.098840268510272e-10
0.4626,-9.984342172461387e-10
0.4627,-1.08698440764125e-09
0.4628,-1.175534598036362e-09
0.4629,-1.264084788431473e-09
0.463,-1.352634978826634e-09
0.4631,-1.3509206730726e-09
0.4632,-1.328649100106601e-09
0.4633,-1.306377527140602e-09
0.4634,-1.284105954174603e-09
0.4635,-1.261834381208591e-09
0.4636,-1.239562808242592e-09
0.4637,-1.217291235276593e-09
0.4638,-1.195019662310594e-09
0.4639,-1.172748089344595e-09
0.464,-1.150476516378584e-09
0.4641,-1.128204943412585e-09
0.4642,-1.105933370446585e-09
0.4643,-1.083661797480586e-09
0.4644,-1.061390224514587e-09
0.4645,-1.039118651548576e-09
0.4646,-1.016847078582577e-09
0.4647,-9.945755056165778e-10
0.4648,-9.723039326505787e-10
0.4649,-9.500323596845795e-10
0.465,-9.277607867185682e-10
0.4651,-9.054892137525691e-10
0.4652,-8.8321764078657e-10
0.4653,-8.609460678205709e-10
0.4654,-8.38674494854572e-10
0.4655,-8.164029218885604e-10
0.4656,-7.941313489225613e-10
0.4657,-7.718597759565622e-10
0.4658,-7.495882029905633e-10
0.4659,-7.273166300245642e-10
0.466,-7.050450570585526e-10
0.4661,-6.827734840925536e-10
0.4662,-6.605019111265546e-10
0.4663,-6.382303381605555e-10
0.4664,-6.159587651945563e-10
0.4665,-5.93687192228545e-10
0.4666,-5.714156192625458e-10
0.4667,-5.491440462965468e-10
0.4668,-5.268724733305477e-10
0.4669,-5.046009003645487e-10
0.467,-4.823293273985372e-10
0.4671,-4.600577544325382e-10
0.4672,-4.37786181466539e-10
0.4673,-4.1551460850054e-10
0.4674,-3.932430355345409e-10
0.4675,-3.709714625685295e-10
0.4676,-3.486998896025304e-10
0.4677,-3.264283166365314e-10
0.4678,-3.041567436705324e-10
0.4679,-2.818851707045332e-10
0.468,-2.596135977385218e-10
0.4681,-2.373420247725227e-10
0.4682,-2.150704518065236e-10
0.4683,-1.927988788405246e-10
0.4684,-1.705273058745255e-10
0.4685,-1.482557329085141e-10
0.4686,-1.25984159942515e-10
0.4687,-1.037125869765159e-10
0.4688,-8.144101401051683e-11
0.4689,-5.916944104451777e-11
0.469,-3.68978680785187e-11
0.4691,-1.462629511250726e-11
0.4692,7.645277853491808e-12
0.4693,2.99168508194909e-11
0.4694,5.218842378548996e-11
0.4695,7.445999675148903e-11
0.4696,9.673156971750048e-11
0.4697,1.190031426834996e-10
0.4698,1.412747156494986e-10
0.4699,1.635462886154977e-10
0.47,1.752545126642819e-10
0.4701,1.750057906258463e-10
0.4702,1.747570685874108e-10
0.4703,1.745083465489753e-10
0.4704,1.742596245105398e-10
0.4705,1.740109024721044e-10
0.4706,1.737621804336687e-10
0.4707,1.735134583952332e-10
0.4708,1.732647363567978e-10
0.4709,1.730160143183623e-10
0.471,1.727672922799268e-10
0.4711,1.725185702414911e-10
0.4712,1.722698482030557e-10
0.4713,1.720211261646202e-10
0.4714,1.717724041261847e-10
0.4715,1.715236820877492e-10
0.4716,1.712749600493136e-10
0.4717,1.710262380108781e-10
0.4718,1.707775159724426e-10
0.4719,1.705287939340071e-10
0.472,1.702800718955716e-10
0.4721,1.70031349857136e-10
0.4722,1.697826278187005e-10
0.4723,1.69533905780265e-10
0.4724,1.692851837418295e-10
0.4725,1.69036461703394e-10
0.4726,1.687877396649584e-10
0.4727,1.685390176265229e-10
0.4728,1.682902955880874e-10
0.4729,1.680415735496519e-10
0.473,1.677928515112165e-10
0.4731,1.675441294727808e-10
0.4732,1.672954074343453e-10
0.4733,1.670466853959098e-10
0.4734,1.667979633574743e-10
0.4735,1.665492413190389e-10
0.4736,1.663005192806032e-10
0.4737,1.660517972421678e-10
0.4738,1.658030752037323e-10
0.4739,1.655543531652968e-10
0.474,1.653056311268613e-10
0.4741,1.650569090884257e-10
0.4742,1.648081870499902e-10
0.4743,1.645594650115547e-10
0.4744,1.643107429731192e-10
0.4745,1.640620209346837e-10
0.4746,1.638132988962481e-10
0.4747,1.635645768578126e-10
0.4748,1.633158548193771e-10
0.4749,1.630671327809416e-10
0.475,1.628184107425061e-10
0.4751,1.625696887040705e-10
0.4752,1.62320966665635e-10
0.4753,1.620722446271995e-10
0.4754,1.61823522588764e-10
0.4755,1.615748005503286e-10
0.4756,1.613260785118929e-10
0.4757,1.610773564734574e-10
0.4758,1.608286344350219e-10
0.4759,1.605799123965864e-10
0.476,1.60331190358151e-10
0.4761,1.600824683197153e-10
0.4762,1.598337462812799e-10
0.4763,1.595850242428444e-10
0.4764,1.593363022044089e-10
0.4765,1.590875801659734e-10
0.4766,1.588388581275378e-10
0.4767,1.585901360891023e-10
0.4768,1.583414140506668e-10
0.4769,1.580926920122313e-10
0.477,1.578439699737958e-10
0.4771,1.575952479353602e-10
0.4772,1.573465258969247e-10
0.4773,1.570978038584892e-10
0.4774,1.568490818200537e-10
0.4775,1.566003597816182e-10
0.4776,1.563516377431826e-10
0.4777,1.561029157047471e-10
0.4778,1.558541936663116e-10
0.4779,1.556054716278761e-10
0.478,1.553567495894407e-10
0.4781,1.55108027551005e-10
0.4782,1.548593055125695e-10
0.4783,1.54610583474134e-10
0.4784,1.543618614356985e-10
0.4785,1.541131393972631e-10
0.4786,1.538644173588274e-10
0.4787,1.53615695320392e-10
0.4788,1.533669732819565e-10
0.4789,1.53118251243521e-10
0.479,1.528695292050855e-10
0.4791,1.526208071666499e-10
0.4792,1.523720851282144e-10
0.4793,1.521233630897789e-10
0.4794,1.518746410513434e-10
0.4795,1.516259190129079e-10
0.4796,1.513771969744723e-10
0.4797,1.511284749360368e-10
0.4798,1.508797528976013e-10
0.4799,1.506310308591658e-10
0.48,1.503823088207303e-10
0.4801,1.501335867822947e-10
0.4802,1.498848647438592e-10
0.4803,1.496361427054237e-10
0.4804,1.493874206669882e-10
0.4805,1.491386986285528e-10
0.4806,1.488899765901171e-10
0.4807,1.486412545516816e-10
0.4808,1.483925325132461e-10
0.4809,1.481438104748106e-10
0.481,1.478950884363752e-10
0.4811,1.476463663979395e-10
0.4812,1.473976443595041e-10
0.4813,1.471489223210686e-10
0.4814,1.469002002826331e-10
0.4815,1.466514782441976e-10
0.4816,1.464027562057621e-10
0.4817,1.461540341673265e-10
0.4818,1.45905312128891e-10
0.4819,1.456565900904555e-10
0.482,1.4540786805202e-10
0.4821,1.451591460135845e-10
0.4822,1.449104239751489e-10
0.4823,1.446617019367134e-10
0.4824,1.444129798982779e-10
0.4825,1.441642578598424e-10
0.4826,1.439155358214069e-10
0.4827,1.436668137829713e-10
0.4828,1.434180917445358e-10
0.4829,1.431693697061003e-10
0.483,1.429206476676649e-10
0.4831,1.426719256292294e-10
0.4832,1.424232035907937e-10
0.4833,1.421744815523582e-10
0.4834,1.419257595139227e-10
0.4835,1.416770374754873e-10
0.4836,1.414283154370518e-10
0.4837,1.411795933986162e-10
0.4838,1.409308713601807e-10
0.4839,1.405029670322494e-10
0.484,1.40023985119334e-10
0.4841,1.395450032064186e-10
0.4842,1.39066021293503e-10
0.4843,1.385870393805876e-10
0.4844,1.381080574676722e-10
0.4845,1.376290755547569e-10
0.4846,1.371500936418415e-10
0.4847,1.366711117289259e-10
0.4848,1.361921298160105e-10
0.4849,1.357131479030951e-10
0.485,1.352341659901797e-10
0.4851,1.347551840772644e-10
0.4852,1.342762021643487e-10
0.4853,1.337972202514334e-10
0.4854,1.33318238338518e-10
0.4855,1.328392564256026e-10
0.4856,1.323602745126872e-10
0.4857,1.318812925997716e-10
0.4858,1.314023106868562e-10
0.4859,1.309233287739408e-10
0.486,1.304443468610255e-10
0.4861,1.299653649481101e-10
0.4862,1.294863830351944e-10
0.4863,1.290074011222791e-10
0.4864,1.285284192093637e-10
0.4865,1.280494372964483e-10
0.4866,1.27570455383533e-10
0.4867,1.270914734706173e-10
0.4868,1.26612491557702e-10
0.4869,1.261335096447866e-10
0.487,1.256545277318712e-10
0.4871,1.251755458189558e-10
0.4872,1.246965639060402e-10
0.4873,1.242175819931248e-10
0.4874,1.237386000802094e-10
0.4875,1.232596181672941e-10
0.4876,1.227806362543787e-10
0.4877,1.223016543414631e-10
0.4878,1.218226724285477e-10
0.4879,1.213436905156323e-10
0.488,1.208647086027169e-10
0.4881,1.203857266898015e-10
0.4882,1.199067447768859e-10
0.4883,1.194277628639705e-10
0.4884,1.189487809510552e-10
0.4885,1.184697990381398e-10
0.4886,1.179908171252244e-10
0.4887,1.175118352123088e-10
0.4888,1.170328532993934e-10
0.4889,1.16553871386478e-10
0.489,1.160748894735627e-10
0.4891,1.155959075606473e-10
0.4892,1.151169256477317e-10
0.4893,1.146379437348163e-10
0.4894,1.141589618219009e-10
0.4895,1.136799799089855e-10
0.4896,1.132009979960702e-10
0.4897,1.127220160831545e-10
0.4898,1.122430341702391e-10
0.4899,1.117640522573238e-10
0.49,1.112850703444084e-10
0.4901,1.10806088431493e-10
0.4902,1.103271065185774e-10
0.4903,1.09848124605662e-10
0.4904,1.093691426927466e-10
0.4905,1.088901607798313e-10
0.4906,1.084111788669159e-10
0.4907,1.079321969540002e-10
0.4908,1.074532150410849e-10
0.4909,1.069742331281695e-10
0.491,1.064952512152541e-10
0.4911,1.060162693023388e-10
0.4912,1.055372873894231e-10
0.4913,1.050583054765078e-10
0.4914,1.045793235635924e-10
0.4915,1.04100341650677e-10
0.4916,1.036213597377616e-10
0.4917,1.03142377824846e-10
0.4918,1.026633959119306e-10
0.4919,1.021844139990152e-10
0.492,1.017054320860999e-10
0.4921,1.012264501731845e-10
0.4922,1.007474682602689e-10
0.4923,1.002684863473535e-10
0.4924,9.97895044344381e-11
0.4925,9.931052252152273e-11
0.4926,9.883154060860736e-11
0.4927,9.835255869569172e-11
0.4928,9.787357678277635e-11
0.4929,9.739459486986098e-11
0.493,9.691561295694559e-11
0.4931,9.643663104403022e-11
0.4932,9.595764913111458e-11
0.4933,9.547866721819921e-11
0.4934,9.499968530528383e-11
0.4935,9.452070339236846e-11
0.4936,9.404172147945307e-11
0.4937,9.356273956653744e-11
0.4938,9.308375765362206e-11
0.4939,9.260477574070669e-11
0.494,9.212579382779132e-11
0.4941,9.164681191487595e-11
0.4942,9.116783000196058e-11
0.4943,9.068884808904494e-11
0.4944,9.020986617612957e-11
0.4945,8.973088426321419e-11
0.4946,8.925190235029882e-11
0.4947,8.877292043738345e-11
0.4948,8.82939385244678e-11
0.4949,8.781495661155243e-11
0.495,8.733597469863706e-11
0.4951,8.685699278572169e-11
0.4952,8.63780108728063e-11
0.4953,8.589902895989066e-11
0.4954,8.542004704697529e-11
0.4955,8.494106513405992e-11
0.4956,8.446208322114454e-11
0.4957,8.398310130822917e-11
0.4958,8.350411939531353e-11
0.4959,8.302513748239816e-11
0.496,8.254615556948278e-11
0.4961,8.206717365656741e-11
0.4962,8.158819174365204e-11
0.4963,8.11092098307364e-11
0.4964,8.063022791782103e-11
0.4965,8.015124600490566e-11
0.4966,7.967226409199029e-11
0.4967,7.91932821790749e-11
0.4968,7.871430026615928e-11
0.4969,7.82353183532439e-11
0.497,7.775633644032851e-11
0.4971,7.727735452741314e-11
0.4972,7.679837261449777e-11
0.4973,7.631939070158213e-11
0.4974,7.584040878866676e-11
0.4975,7.536142687575139e-11
0.4976,7.4882444962836e-11
0.4977,7.440346304992063e-11
0.4978,7.392448113700499e-11
0.4979,7.344549922408962e-11
0.498,7.296651731117425e-11
0.4981,7.248753539825888e-11
0.4982,7.200855348534351e-11
0.4983,7.152957157242786e-11
0.4984,7.105058965951249e-11
0.4985,7.057160774659712e-11
0.4986,7.009262583368175e-11
0.4987,6.961364392076636e-11
0.4988,6.913466200785073e-11
0.4989,6.865568009493535e-11
0.499,6.817669818201998e-11
0.4991,6.769771626910461e-11
0.4992,6.721873435618924e-11
0.4993,6.67397524432736e-11
0.4994,6.626077053035821e-11
0.4995,6.578178861744284e-11
0.4996,6.530280670452747e-11
0.4997,6.48238247916121e-11
0.4998,6.434484287869646e-11
0.4999,6.386586096578108e-11
0.5,6.338687905286572e-11
0.5,6.338687905286572e-11
